"ID","song_popularity"
1,72
2,17
3,12
4,59
5,61
6,48
7,66
8,31
9,59
10,47
11,73
12,52
13,70
14,79
15,51
16,54
17,53
18,41
19,41
20,64
21,23
22,61
23,73
24,4
25,14
26,83
27,66
28,60
29,55
30,1
31,73
32,23
33,52
34,0
35,24
36,16
37,44
38,51
39,72
40,64
41,65
42,53
43,55
44,73
45,77
46,69
47,72
48,25
49,74
50,3
51,76
52,72
53,70
54,64
55,60
56,86
57,46
58,45
59,0
60,63
61,63
62,95
63,56
64,57
65,36
66,28
67,62
68,74
69,73
70,64
71,52
72,98
73,79
74,52
75,54
76,58
77,72
78,69
79,45
80,95
81,54
82,23
83,55
84,52
85,57
86,54
87,49
88,49
89,78
90,52
91,42
92,5
93,62
94,73
95,55
96,48
97,65
98,55
99,98
100,77
101,54
102,44
103,62
104,24
105,73
106,60
107,35
108,26
109,52
110,63
111,76
112,47
113,31
114,33
115,49
116,62
117,94
118,18
119,58
120,61
121,54
122,62
123,63
124,67
125,1
126,71
127,54
128,47
129,36
130,2
131,80
132,55
133,74
134,63
135,51
136,37
137,56
138,63
139,73
140,62
141,37
142,64
143,54
144,46
145,56
146,62
147,13
148,42
149,62
150,88
151,21
152,64
153,75
154,82
155,57
156,69
157,72
158,61
159,26
160,65
161,40
162,52
163,55
164,42
165,1
166,59
167,49
168,0
169,67
170,40
171,63
172,62
173,52
174,82
175,83
176,74
177,72
178,30
179,50
180,52
181,95
182,73
183,45
184,50
185,58
186,11
187,55
188,45
189,38
190,8
191,68
192,65
193,88
194,37
195,85
196,45
197,77
198,24
199,31
200,42
201,66
202,40
203,48
204,15
205,54
206,68
207,47
208,42
209,23
210,58
211,30
212,69
213,42
214,81
215,31
216,36
217,61
218,37
219,69
220,50
221,19
222,79
223,12
224,97
225,75
226,71
227,63
228,65
229,91
230,69
231,64
232,72
233,42
234,64
235,36
236,63
237,51
238,59
239,71
240,97
241,34
242,1
243,17
244,84
245,61
246,74
247,49
248,71
249,36
250,71
251,99
252,53
253,58
254,58
255,48
256,2
257,66
258,85
259,81
260,52
261,48
262,50
263,53
264,78
265,74
266,63
267,73
268,58
269,20
270,26
271,75
272,52
273,67
274,2
275,27
276,66
277,54
278,53
279,51
280,55
281,67
282,46
283,55
284,86
285,71
286,57
287,53
288,17
289,73
290,12
291,94
292,11
293,10
294,49
295,62
296,62
297,56
298,34
299,86
300,76
301,32
302,76
303,45
304,47
305,25
306,77
307,43
308,79
309,85
310,69
311,15
312,57
313,72
314,52
315,55
316,10
317,56
318,23
319,68
320,78
321,84
322,68
323,78
324,57
325,10
326,81
327,42
328,99
329,82
330,36
331,52
332,57
333,77
334,49
335,56
336,90
337,0
338,94
339,16
340,79
341,10
342,8
343,71
344,74
345,80
346,49
347,49
348,79
349,59
350,44
351,46
352,74
353,64
354,58
355,81
356,1
357,63
358,54
359,1
360,50
361,36
362,34
363,12
364,77
365,24
366,67
367,53
368,66
369,8
370,55
371,50
372,27
373,52
374,82
375,28
376,61
377,66
378,28
379,46
380,79
381,63
382,64
383,33
384,58
385,45
386,46
387,46
388,66
389,82
390,42
391,96
392,63
393,61
394,76
395,63
396,48
397,72
398,48
399,30
400,92
401,40
402,64
403,81
404,70
405,77
406,71
407,67
408,57
409,25
410,72
411,78
412,48
413,68
414,82
415,56
416,26
417,46
418,42
419,49
420,19
421,1
422,67
423,34
424,55
425,41
426,67
427,72
428,48
429,54
430,77
431,78
432,59
433,67
434,49
435,43
436,51
437,88
438,50
439,12
440,62
441,24
442,62
443,58
444,62
445,8
446,33
447,77
448,29
449,20
450,40
451,79
452,44
453,64
454,42
455,1
456,3
457,43
458,71
459,66
460,59
461,68
462,39
463,63
464,49
465,48
466,62
467,65
468,76
469,12
470,49
471,13
472,59
473,78
474,90
475,49
476,54
477,1
478,66
479,87
480,73
481,55
482,20
483,61
484,65
485,76
486,75
487,73
488,74
489,52
490,49
491,47
492,28
493,73
494,49
495,94
496,27
497,58
498,65
499,47
500,52
501,41
502,56
503,41
504,86
505,52
506,59
507,72
508,65
509,61
510,66
511,84
512,79
513,31
514,76
515,48
516,60
517,77
518,82
519,64
520,43
521,51
522,30
523,48
524,52
525,80
526,37
527,46
528,58
529,43
530,49
531,70
532,72
533,70
534,40
535,51
536,39
537,15
538,26
539,87
540,37
541,41
542,6
543,78
544,53
545,58
546,66
547,65
548,81
549,62
550,71
551,66
552,82
553,46
554,72
555,45
556,53
557,74
558,11
559,62
560,56
561,28
562,27
563,48
564,23
565,48
566,68
567,41
568,65
569,10
570,54
571,55
572,83
573,3
574,32
575,35
576,62
577,47
578,0
579,52
580,36
581,38
582,8
583,68
584,17
585,73
586,37
587,53
588,40
589,63
590,66
591,97
592,51
593,82
594,66
595,40
596,30
597,31
598,72
599,47
600,41
601,56
602,69
603,31
604,43
605,59
606,56
607,40
608,84
609,56
610,72
611,36
612,45
613,82
614,38
615,49
616,38
617,74
618,43
619,51
620,22
621,67
622,16
623,42
624,72
625,87
626,41
627,60
628,56
629,75
630,66
631,75
632,33
633,46
634,0
635,41
636,55
637,80
638,35
639,87
640,73
641,56
642,55
643,63
644,39
645,59
646,58
647,64
648,61
649,38
650,49
651,54
652,69
653,56
654,33
655,46
656,56
657,69
658,77
659,58
660,57
661,73
662,36
663,19
664,11
665,79
666,69
667,47
668,72
669,85
670,78
671,82
672,20
673,76
674,57
675,54
676,97
677,45
678,43
679,52
680,87
681,45
682,67
683,2
684,24
685,61
686,35
687,34
688,0
689,54
690,2
691,23
692,73
693,8
694,18
695,44
696,76
697,60
698,24
699,42
700,82
701,56
702,11
703,68
704,54
705,96
706,61
707,2
708,56
709,59
710,73
711,27
712,4
713,11
714,60
715,89
716,44
717,68
718,80
719,77
720,76
721,44
722,44
723,46
724,38
725,15
726,22
727,77
728,51
729,69
730,71
731,52
732,40
733,76
734,45
735,86
736,16
737,66
738,39
739,57
740,56
741,39
742,55
743,42
744,61
745,60
746,50
747,38
748,18
749,17
750,79
751,39
752,34
753,51
754,46
755,52
756,58
757,33
758,57
759,50
760,54
761,43
762,50
763,55
764,70
765,52
766,77
767,5
768,42
769,35
770,59
771,59
772,46
773,23
774,81
775,34
776,84
777,53
778,50
779,25
780,66
781,41
782,38
783,43
784,64
785,64
786,51
787,54
788,30
789,39
790,68
791,48
792,69
793,79
794,86
795,54
796,53
797,16
798,55
799,56
800,15
801,46
802,44
803,62
804,70
805,59
806,15
807,50
808,61
809,1
810,73
811,23
812,61
813,46
814,100
815,20
816,26
817,41
818,18
819,52
820,82
821,79
822,63
823,85
824,65
825,39
826,20
827,48
828,76
829,47
830,73
831,16
832,49
833,53
834,87
835,45
836,8
837,65
838,18
839,76
840,33
841,62
842,63
843,64
844,0
845,51
846,55
847,87
848,29
849,60
850,77
851,55
852,45
853,54
854,75
855,79
856,50
857,60
858,41
859,44
860,81
861,85
862,43
863,58
864,72
865,56
866,90
867,23
868,70
869,77
870,53
871,77
872,82
873,40
874,87
875,45
876,82
877,48
878,58
879,56
880,49
881,54
882,30
883,72
884,70
885,58
886,41
887,60
888,76
889,47
890,57
891,60
892,68
893,56
894,38
895,59
896,46
897,65
898,62
899,71
900,77
901,1
902,53
903,49
904,47
905,24
906,89
907,59
908,54
909,12
910,20
911,37
912,67
913,66
914,69
915,72
916,66
917,43
918,70
919,60
920,88
921,38
922,11
923,45
924,57
925,67
926,77
927,49
928,41
929,52
930,72
931,38
932,1
933,37
934,16
935,35
936,44
937,44
938,30
939,48
940,76
941,70
942,79
943,56
944,38
945,45
946,16
947,43
948,24
949,48
950,50
951,57
952,68
953,23
954,63
955,81
956,67
957,2
958,34
959,53
960,37
961,35
962,62
963,64
964,73
965,68
966,30
967,74
968,68
969,1
970,49
971,38
972,96
973,25
974,72
975,60
976,20
977,78
978,0
979,55
980,81
981,40
982,35
983,61
984,16
985,41
986,72
987,62
988,12
989,34
990,60
991,22
992,7
993,65
994,26
995,77
996,62
997,58
998,65
999,37
1000,4
1001,10
1002,40
1003,58
1004,14
1005,61
1006,59
1007,58
1008,62
1009,49
1010,81
1011,59
1012,72
1013,70
1014,81
1015,40
1016,74
1017,43
1018,83
1019,46
1020,56
1021,30
1022,65
1023,43
1024,59
1025,0
1026,57
1027,48
1028,0
1029,36
1030,7
1031,84
1032,11
1033,24
1034,20
1035,76
1036,53
1037,26
1038,69
1039,95
1040,66
1041,38
1042,12
1043,73
1044,86
1045,72
1046,54
1047,82
1048,59
1049,34
1050,65
1051,66
1052,0
1053,68
1054,18
1055,35
1056,81
1057,45
1058,24
1059,3
1060,8
1061,51
1062,53
1063,0
1064,54
1065,60
1066,73
1067,46
1068,33
1069,58
1070,64
1071,42
1072,58
1073,78
1074,4
1075,54
1076,16
1077,64
1078,11
1079,54
1080,65
1081,52
1082,50
1083,13
1084,47
1085,59
1086,67
1087,56
1088,56
1089,49
1090,39
1091,78
1092,66
1093,48
1094,61
1095,21
1096,58
1097,10
1098,56
1099,91
1100,29
1101,67
1102,81
1103,57
1104,77
1105,64
1106,70
1107,46
1108,18
1109,58
1110,68
1111,87
1112,51
1113,53
1114,69
1115,58
1116,54
1117,71
1118,52
1119,9
1120,31
1121,74
1122,68
1123,72
1124,63
1125,21
1126,32
1127,76
1128,63
1129,58
1130,79
1131,54
1132,61
1133,71
1134,44
1135,87
1136,2
1137,41
1138,39
1139,69
1140,84
1141,81
1142,94
1143,56
1144,90
1145,4
1146,56
1147,77
1148,0
1149,65
1150,61
1151,88
1152,43
1153,72
1154,53
1155,71
1156,43
1157,34
1158,70
1159,32
1160,20
1161,68
1162,47
1163,89
1164,48
1165,90
1166,60
1167,3
1168,5
1169,20
1170,26
1171,94
1172,71
1173,77
1174,53
1175,46
1176,64
1177,43
1178,43
1179,20
1180,58
1181,16
1182,31
1183,55
1184,11
1185,84
1186,44
1187,67
1188,71
1189,45
1190,18
1191,84
1192,71
1193,57
1194,25
1195,29
1196,52
1197,37
1198,70
1199,23
1200,33
1201,3
1202,65
1203,61
1204,26
1205,65
1206,20
1207,29
1208,50
1209,52
1210,58
1211,65
1212,53
1213,77
1214,37
1215,59
1216,46
1217,67
1218,45
1219,60
1220,45
1221,41
1222,41
1223,53
1224,52
1225,25
1226,70
1227,52
1228,60
1229,46
1230,87
1231,15
1232,46
1233,51
1234,98
1235,30
1236,64
1237,10
1238,48
1239,77
1240,77
1241,48
1242,25
1243,44
1244,28
1245,61
1246,95
1247,66
1248,26
1249,75
1250,65
1251,49
1252,59
1253,82
1254,48
1255,74
1256,61
1257,69
1258,30
1259,74
1260,64
1261,54
1262,41
1263,43
1264,9
1265,68
1266,71
1267,73
1268,73
1269,58
1270,66
1271,74
1272,17
1273,80
1274,59
1275,61
1276,70
1277,55
1278,4
1279,6
1280,37
1281,63
1282,50
1283,55
1284,41
1285,1
1286,71
1287,81
1288,55
1289,36
1290,80
1291,87
1292,52
1293,72
1294,14
1295,53
1296,51
1297,47
1298,51
1299,80
1300,59
1301,2
1302,63
1303,37
1304,54
1305,28
1306,4
1307,20
1308,3
1309,3
1310,50
1311,2
1312,33
1313,63
1314,51
1315,23
1316,0
1317,79
1318,73
1319,78
1320,70
1321,5
1322,75
1323,68
1324,44
1325,55
1326,49
1327,16
1328,37
1329,79
1330,65
1331,22
1332,32
1333,29
1334,71
1335,24
1336,66
1337,60
1338,20
1339,60
1340,48
1341,48
1342,55
1343,51
1344,6
1345,26
1346,66
1347,31
1348,55
1349,74
1350,37
1351,80
1352,10
1353,18
1354,16
1355,65
1356,23
1357,82
1358,47
1359,26
1360,66
1361,10
1362,2
1363,55
1364,39
1365,12
1366,43
1367,62
1368,48
1369,37
1370,66
1371,51
1372,55
1373,47
1374,51
1375,60
1376,40
1377,77
1378,58
1379,58
1380,47
1381,74
1382,4
1383,77
1384,4
1385,46
1386,36
1387,51
1388,26
1389,65
1390,96
1391,74
1392,4
1393,51
1394,58
1395,48
1396,53
1397,19
1398,50
1399,46
1400,30
1401,72
1402,69
1403,38
1404,52
1405,25
1406,39
1407,61
1408,68
1409,58
1410,63
1411,67
1412,46
1413,66
1414,73
1415,52
1416,53
1417,69
1418,49
1419,44
1420,47
1421,66
1422,72
1423,57
1424,30
1425,36
1426,58
1427,7
1428,33
1429,49
1430,53
1431,51
1432,63
1433,35
1434,43
1435,55
1436,45
1437,83
1438,49
1439,45
1440,1
1441,52
1442,63
1443,64
1444,52
1445,19
1446,64
1447,55
1448,56
1449,42
1450,61
1451,70
1452,25
1453,64
1454,55
1455,52
1456,63
1457,82
1458,44
1459,39
1460,49
1461,1
1462,55
1463,62
1464,77
1465,30
1466,71
1467,4
1468,54
1469,63
1470,38
1471,2
1472,87
1473,43
1474,54
1475,59
1476,52
1477,45
1478,60
1479,70
1480,64
1481,72
1482,46
1483,57
1484,60
1485,60
1486,52
1487,65
1488,13
1489,53
1490,66
1491,73
1492,48
1493,78
1494,62
1495,23
1496,74
1497,84
1498,58
1499,46
1500,54
1501,26
1502,76
1503,58
1504,55
1505,52
1506,67
1507,58
1508,62
1509,45
1510,46
1511,71
1512,10
1513,50
1514,17
1515,54
1516,55
1517,37
1518,66
1519,56
1520,35
1521,71
1522,76
1523,61
1524,61
1525,62
1526,43
1527,57
1528,76
1529,1
1530,74
1531,71
1532,37
1533,44
1534,53
1535,46
1536,46
1537,51
1538,66
1539,65
1540,48
1541,79
1542,79
1543,48
1544,65
1545,51
1546,74
1547,64
1548,80
1549,72
1550,44
1551,62
1552,63
1553,50
1554,20
1555,49
1556,35
1557,58
1558,61
1559,72
1560,49
1561,55
1562,64
1563,25
1564,58
1565,65
1566,55
1567,52
1568,58
1569,63
1570,31
1571,15
1572,68
1573,8
1574,27
1575,60
1576,80
1577,23
1578,69
1579,46
1580,49
1581,71
1582,1
1583,59
1584,1
1585,60
1586,15
1587,21
1588,56
1589,58
1590,21
1591,67
1592,45
1593,57
1594,77
1595,24
1596,31
1597,65
1598,65
1599,4
1600,74
1601,62
1602,20
1603,98
1604,54
1605,12
1606,35
1607,54
1608,57
1609,70
1610,24
1611,38
1612,67
1613,23
1614,28
1615,62
1616,71
1617,41
1618,96
1619,2
1620,56
1621,66
1622,74
1623,39
1624,17
1625,57
1626,50
1627,60
1628,46
1629,72
1630,54
1631,63
1632,85
1633,0
1634,45
1635,39
1636,26
1637,54
1638,75
1639,66
1640,32
1641,52
1642,46
1643,49
1644,28
1645,63
1646,60
1647,16
1648,62
1649,55
1650,75
1651,58
1652,72
1653,74
1654,58
1655,57
1656,0
1657,47
1658,90
1659,57
1660,25
1661,87
1662,64
1663,16
1664,25
1665,34
1666,0
1667,40
1668,78
1669,50
1670,68
1671,6
1672,50
1673,69
1674,32
1675,28
1676,23
1677,81
1678,43
1679,38
1680,37
1681,24
1682,68
1683,46
1684,81
1685,52
1686,48
1687,84
1688,65
1689,55
1690,15
1691,47
1692,45
1693,40
1694,56
1695,7
1696,59
1697,37
1698,78
1699,36
1700,43
1701,57
1702,43
1703,23
1704,73
1705,67
1706,62
1707,72
1708,70
1709,51
1710,76
1711,59
1712,79
1713,95
1714,46
1715,48
1716,86
1717,54
1718,54
1719,43
1720,100
1721,74
1722,83
1723,72
1724,23
1725,81
1726,91
1727,54
1728,57
1729,61
1730,86
1731,46
1732,87
1733,81
1734,75
1735,1
1736,61
1737,18
1738,18
1739,56
1740,91
1741,68
1742,83
1743,68
1744,30
1745,63
1746,57
1747,53
1748,66
1749,76
1750,63
1751,5
1752,68
1753,74
1754,76
1755,40
1756,54
1757,53
1758,70
1759,46
1760,40
1761,4
1762,37
1763,69
1764,66
1765,67
1766,74
1767,59
1768,55
1769,66
1770,71
1771,3
1772,46
1773,49
1774,1
1775,52
1776,55
1777,61
1778,65
1779,77
1780,52
1781,84
1782,15
1783,58
1784,43
1785,24
1786,69
1787,66
1788,76
1789,36
1790,73
1791,16
1792,51
1793,4
1794,65
1795,61
1796,24
1797,11
1798,74
1799,2
1800,69
1801,0
1802,42
1803,62
1804,35
1805,69
1806,68
1807,45
1808,75
1809,45
1810,77
1811,63
1812,46
1813,58
1814,68
1815,64
1816,43
1817,24
1818,77
1819,50
1820,46
1821,99
1822,50
1823,64
1824,66
1825,62
1826,71
1827,69
1828,62
1829,0
1830,36
1831,80
1832,52
1833,86
1834,23
1835,81
1836,23
1837,38
1838,53
1839,78
1840,49
1841,28
1842,72
1843,27
1844,70
1845,59
1846,59
1847,49
1848,10
1849,2
1850,71
1851,76
1852,26
1853,56
1854,48
1855,41
1856,40
1857,34
1858,25
1859,76
1860,84
1861,69
1862,64
1863,22
1864,75
1865,14
1866,57
1867,30
1868,13
1869,69
1870,51
1871,49
1872,23
1873,0
1874,59
1875,59
1876,76
1877,75
1878,34
1879,50
1880,90
1881,90
1882,18
1883,85
1884,51
1885,73
1886,78
1887,21
1888,61
1889,33
1890,59
1891,61
1892,77
1893,40
1894,6
1895,76
1896,44
1897,72
1898,79
1899,47
1900,48
1901,30
1902,63
1903,76
1904,52
1905,24
1906,71
1907,68
1908,25
1909,47
1910,63
1911,47
1912,79
1913,65
1914,61
1915,69
1916,74
1917,96
1918,76
1919,62
1920,88
1921,49
1922,6
1923,73
1924,82
1925,91
1926,43
1927,11
1928,1
1929,78
1930,57
1931,67
1932,63
1933,32
1934,77
1935,65
1936,41
1937,53
1938,4
1939,89
1940,37
1941,56
1942,85
1943,46
1944,4
1945,64
1946,71
1947,56
1948,73
1949,83
1950,52
1951,67
1952,35
1953,34
1954,63
1955,51
1956,0
1957,78
1958,11
1959,68
1960,44
1961,69
1962,0
1963,62
1964,96
1965,62
1966,66
1967,31
1968,62
1969,49
1970,56
1971,91
1972,37
1973,1
1974,38
1975,76
1976,36
1977,65
1978,39
1979,24
1980,17
1981,55
1982,46
1983,55
1984,50
1985,2
1986,56
1987,58
1988,54
1989,65
1990,47
1991,52
1992,58
1993,75
1994,44
1995,75
1996,80
1997,41
1998,3
1999,93
2000,54
2001,34
2002,44
2003,48
2004,35
2005,13
2006,43
2007,86
2008,84
2009,0
2010,29
2011,56
2012,83
2013,69
2014,16
2015,63
2016,18
2017,4
2018,95
2019,87
2020,83
2021,25
2022,48
2023,81
2024,68
2025,46
2026,52
2027,46
2028,28
2029,63
2030,55
2031,81
2032,75
2033,11
2034,28
2035,64
2036,61
2037,56
2038,55
2039,27
2040,6
2041,88
2042,14
2043,75
2044,94
2045,24
2046,73
2047,37
2048,85
2049,50
2050,39
2051,98
2052,63
2053,78
2054,50
2055,52
2056,74
2057,43
2058,55
2059,9
2060,48
2061,72
2062,96
2063,38
2064,8
2065,60
2066,0
2067,54
2068,33
2069,50
2070,21
2071,72
2072,71
2073,63
2074,29
2075,63
2076,58
2077,67
2078,44
2079,44
2080,56
2081,38
2082,39
2083,83
2084,44
2085,73
2086,47
2087,0
2088,60
2089,60
2090,81
2091,50
2092,71
2093,47
2094,65
2095,56
2096,22
2097,55
2098,70
2099,82
2100,71
2101,36
2102,57
2103,57
2104,22
2105,69
2106,71
2107,11
2108,76
2109,59
2110,49
2111,50
2112,23
2113,52
2114,69
2115,69
2116,49
2117,46
2118,73
2119,56
2120,67
2121,21
2122,51
2123,53
2124,77
2125,39
2126,43
2127,79
2128,22
2129,83
2130,49
2131,55
2132,62
2133,73
2134,58
2135,31
2136,42
2137,61
2138,76
2139,7
2140,25
2141,75
2142,35
2143,57
2144,60
2145,70
2146,42
2147,45
2148,58
2149,86
2150,52
2151,92
2152,48
2153,28
2154,42
2155,46
2156,58
2157,24
2158,61
2159,60
2160,71
2161,31
2162,77
2163,57
2164,37
2165,34
2166,38
2167,2
2168,44
2169,55
2170,73
2171,48
2172,61
2173,42
2174,21
2175,48
2176,80
2177,32
2178,63
2179,68
2180,0
2181,60
2182,44
2183,9
2184,68
2185,34
2186,88
2187,30
2188,17
2189,74
2190,53
2191,50
2192,69
2193,6
2194,76
2195,66
2196,21
2197,17
2198,20
2199,70
2200,60
2201,46
2202,58
2203,54
2204,69
2205,75
2206,56
2207,53
2208,63
2209,65
2210,63
2211,70
2212,67
2213,58
2214,51
2215,51
2216,41
2217,41
2218,7
2219,50
2220,55
2221,69
2222,66
2223,37
2224,68
2225,35
2226,62
2227,56
2228,48
2229,0
2230,90
2231,68
2232,42
2233,6
2234,70
2235,61
2236,43
2237,46
2238,42
2239,45
2240,67
2241,37
2242,33
2243,50
2244,69
2245,61
2246,62
2247,0
2248,27
2249,56
2250,45
2251,61
2252,57
2253,79
2254,0
2255,9
2256,70
2257,21
2258,60
2259,45
2260,77
2261,45
2262,42
2263,52
2264,47
2265,47
2266,47
2267,55
2268,66
2269,88
2270,73
2271,55
2272,57
2273,42
2274,11
2275,74
2276,78
2277,5
2278,70
2279,60
2280,77
2281,9
2282,50
2283,89
2284,63
2285,63
2286,66
2287,67
2288,85
2289,39
2290,73
2291,43
2292,0
2293,46
2294,63
2295,80
2296,18
2297,24
2298,52
2299,61
2300,47
2301,99
2302,43
2303,66
2304,68
2305,70
2306,67
2307,77
2308,74
2309,59
2310,43
2311,76
2312,74
2313,0
2314,15
2315,56
2316,72
2317,53
2318,60
2319,61
2320,75
2321,79
2322,39
2323,46
2324,62
2325,45
2326,69
2327,59
2328,51
2329,23
2330,0
2331,30
2332,47
2333,19
2334,28
2335,33
2336,62
2337,68
2338,40
2339,35
2340,55
2341,38
2342,64
2343,70
2344,67
2345,29
2346,42
2347,85
2348,51
2349,69
2350,68
2351,47
2352,57
2353,24
2354,53
2355,46
2356,68
2357,50
2358,22
2359,76
2360,81
2361,8
2362,50
2363,68
2364,43
2365,27
2366,39
2367,3
2368,34
2369,60
2370,52
2371,52
2372,61
2373,57
2374,40
2375,62
2376,51
2377,69
2378,26
2379,64
2380,17
2381,75
2382,85
2383,80
2384,0
2385,65
2386,54
2387,27
2388,54
2389,67
2390,53
2391,23
2392,41
2393,21
2394,15
2395,52
2396,93
2397,74
2398,67
2399,68
2400,39
2401,39
2402,3
2403,63
2404,56
2405,50
2406,70
2407,52
2408,48
2409,74
2410,71
2411,35
2412,64
2413,72
2414,63
2415,68
2416,43
2417,30
2418,0
2419,63
2420,46
2421,31
2422,18
2423,48
2424,7
2425,23
2426,30
2427,62
2428,44
2429,42
2430,79
2431,40
2432,73
2433,58
2434,0
2435,53
2436,56
2437,57
2438,61
2439,55
2440,42
2441,14
2442,48
2443,32
2444,12
2445,60
2446,61
2447,53
2448,55
2449,7
2450,75
2451,0
2452,15
2453,45
2454,75
2455,52
2456,86
2457,63
2458,92
2459,57
2460,76
2461,60
2462,84
2463,59
2464,68
2465,46
2466,72
2467,13
2468,91
2469,79
2470,70
2471,11
2472,32
2473,42
2474,71
2475,48
2476,76
2477,68
2478,2
2479,69
2480,94
2481,86
2482,58
2483,54
2484,57
2485,64
2486,10
2487,62
2488,57
2489,55
2490,55
2491,70
2492,53
2493,45
2494,63
2495,10
2496,43
2497,47
2498,23
2499,51
2500,74
2501,75
2502,80
2503,59
2504,61
2505,78
2506,41
2507,43
2508,71
2509,46
2510,74
2511,69
2512,72
2513,72
2514,60
2515,26
2516,58
2517,52
2518,47
2519,26
2520,77
2521,83
2522,55
2523,62
2524,8
2525,58
2526,98
2527,27
2528,45
2529,39
2530,74
2531,79
2532,66
2533,53
2534,87
2535,59
2536,67
2537,78
2538,75
2539,59
2540,52
2541,46
2542,66
2543,68
2544,75
2545,61
2546,73
2547,46
2548,53
2549,40
2550,15
2551,48
2552,28
2553,75
2554,60
2555,68
2556,55
2557,69
2558,28
2559,55
2560,37
2561,80
2562,27
2563,75
2564,19
2565,69
2566,68
2567,69
2568,22
2569,65
2570,85
2571,62
2572,7
2573,77
2574,62
2575,51
2576,48
2577,58
2578,9
2579,49
2580,68
2581,52
2582,74
2583,0
2584,13
2585,76
2586,27
2587,69
2588,0
2589,33
2590,74
2591,69
2592,65
2593,26
2594,43
2595,72
2596,70
2597,59
2598,69
2599,83
2600,63
2601,66
2602,50
2603,53
2604,45
2605,58
2606,79
2607,78
2608,72
2609,69
2610,53
2611,33
2612,62
2613,61
2614,17
2615,77
2616,46
2617,65
2618,79
2619,47
2620,47
2621,66
2622,62
2623,52
2624,49
2625,69
2626,48
2627,52
2628,8
2629,42
2630,75
2631,57
2632,36
2633,53
2634,33
2635,69
2636,0
2637,54
2638,0
2639,71
2640,64
2641,76
2642,67
2643,7
2644,45
2645,62
2646,62
2647,26
2648,85
2649,68
2650,24
2651,30
2652,69
2653,38
2654,75
2655,75
2656,39
2657,68
2658,47
2659,39
2660,75
2661,18
2662,61
2663,76
2664,0
2665,15
2666,42
2667,67
2668,60
2669,76
2670,45
2671,51
2672,48
2673,71
2674,52
2675,55
2676,75
2677,26
2678,55
2679,60
2680,60
2681,18
2682,18
2683,85
2684,15
2685,50
2686,63
2687,80
2688,72
2689,23
2690,15
2691,38
2692,62
2693,30
2694,46
2695,49
2696,37
2697,87
2698,73
2699,46
2700,51
2701,65
2702,53
2703,76
2704,15
2705,65
2706,45
2707,59
2708,60
2709,45
2710,0
2711,39
2712,64
2713,71
2714,50
2715,7
2716,39
2717,38
2718,66
2719,53
2720,62
2721,71
2722,63
2723,67
2724,52
2725,37
2726,42
2727,75
2728,61
2729,41
2730,57
2731,56
2732,73
2733,59
2734,64
2735,57
2736,18
2737,47
2738,49
2739,48
2740,78
2741,39
2742,38
2743,7
2744,72
2745,49
2746,49
2747,4
2748,59
2749,56
2750,61
2751,60
2752,52
2753,56
2754,78
2755,64
2756,72
2757,71
2758,66
2759,66
2760,70
2761,59
2762,69
2763,75
2764,70
2765,33
2766,66
2767,56
2768,74
2769,71
2770,66
2771,75
2772,46
2773,50
2774,6
2775,64
2776,46
2777,65
2778,54
2779,21
2780,69
2781,41
2782,63
2783,62
2784,75
2785,63
2786,4
2787,81
2788,63
2789,75
2790,57
2791,56
2792,55
2793,14
2794,81
2795,46
2796,45
2797,66
2798,69
2799,57
2800,49
2801,49
2802,22
2803,61
2804,66
2805,59
2806,62
2807,67
2808,77
2809,44
2810,25
2811,69
2812,31
2813,80
2814,22
2815,64
2816,61
2817,83
2818,66
2819,62
2820,77
2821,68
2822,56
2823,19
2824,64
2825,80
2826,47
2827,78
2828,43
2829,90
2830,72
2831,59
2832,69
2833,64
2834,43
2835,64
2836,10
2837,71
2838,46
2839,72
2840,24
2841,72
2842,31
2843,2
2844,39
2845,68
2846,25
2847,69
2848,30
2849,20
2850,39
2851,57
2852,29
2853,64
2854,56
2855,69
2856,51
2857,30
2858,58
2859,54
2860,87
2861,81
2862,30
2863,47
2864,88
2865,88
2866,34
2867,55
2868,35
2869,52
2870,59
2871,74
2872,1
2873,29
2874,27
2875,65
2876,61
2877,82
2878,6
2879,71
2880,70
2881,29
2882,71
2883,74
2884,67
2885,73
2886,58
2887,27
2888,46
2889,47
2890,94
2891,6
2892,71
2893,54
2894,63
2895,46
2896,41
2897,63
2898,70
2899,43
2900,70
2901,48
2902,44
2903,41
2904,62
2905,0
2906,75
2907,85
2908,75
2909,58
2910,66
2911,69
2912,29
2913,0
2914,16
2915,72
2916,21
2917,63
2918,60
2919,60
2920,28
2921,56
2922,47
2923,44
2924,84
2925,56
2926,40
2927,64
2928,90
2929,43
2930,59
2931,16
2932,61
2933,86
2934,50
2935,26
2936,72
2937,64
2938,55
2939,39
2940,40
2941,22
2942,6
2943,76
2944,72
2945,8
2946,46
2947,36
2948,52
2949,71
2950,69
2951,68
2952,33
2953,63
2954,66
2955,31
2956,60
2957,75
2958,95
2959,6
2960,73
2961,94
2962,51
2963,61
2964,57
2965,42
2966,28
2967,58
2968,77
2969,56
2970,42
2971,49
2972,17
2973,57
2974,66
2975,67
2976,47
2977,77
2978,78
2979,68
2980,80
2981,91
2982,23
2983,80
2984,36
2985,66
2986,48
2987,78
2988,88
2989,62
2990,64
2991,58
2992,76
2993,84
2994,40
2995,76
2996,72
2997,41
2998,81
2999,60
3000,42
3001,79
3002,67
3003,55
3004,61
3005,52
3006,46
3007,88
3008,31
3009,71
3010,57
3011,98
3012,0
3013,37
3014,71
3015,63
3016,65
3017,24
3018,64
3019,31
3020,87
3021,48
3022,43
3023,42
3024,63
3025,74
3026,90
3027,82
3028,49
3029,54
3030,26
3031,72
3032,57
3033,78
3034,76
3035,38
3036,66
3037,98
3038,81
3039,92
3040,20
3041,96
3042,72
3043,39
3044,58
3045,55
3046,7
3047,37
3048,35
3049,68
3050,0
3051,27
3052,1
3053,70
3054,37
3055,9
3056,52
3057,54
3058,69
3059,74
3060,89
3061,56
3062,52
3063,44
3064,76
3065,38
3066,72
3067,86
3068,62
3069,72
3070,84
3071,69
3072,50
3073,25
3074,71
3075,63
3076,1
3077,60
3078,69
3079,61
3080,52
3081,32
3082,34
3083,35
3084,76
3085,43
3086,52
3087,61
3088,46
3089,47
3090,13
3091,55
3092,90
3093,52
3094,70
3095,65
3096,57
3097,38
3098,60
3099,84
3100,20
3101,62
3102,83
3103,43
3104,7
3105,77
3106,73
3107,70
3108,53
3109,45
3110,56
3111,95
3112,71
3113,51
3114,80
3115,55
3116,61
3117,63
3118,72
3119,61
3120,60
3121,39
3122,99
3123,85
3124,37
3125,65
3126,85
3127,60
3128,72
3129,96
3130,63
3131,78
3132,73
3133,36
3134,59
3135,67
3136,41
3137,71
3138,59
3139,80
3140,77
3141,43
3142,66
3143,67
3144,68
3145,0
3146,36
3147,25
3148,23
3149,63
3150,20
3151,72
3152,85
3153,59
3154,71
3155,33
3156,59
3157,71
3158,53
3159,65
3160,56
3161,58
3162,66
3163,64
3164,44
3165,77
3166,56
3167,60
3168,72
3169,50
3170,42
3171,90
3172,75
3173,2
3174,80
3175,59
3176,29
3177,57
3178,57
3179,59
3180,87
3181,48
3182,3
3183,99
3184,41
3185,32
3186,62
3187,68
3188,33
3189,12
3190,67
3191,44
3192,13
3193,43
3194,34
3195,55
3196,45
3197,53
3198,0
3199,77
3200,51
3201,94
3202,42
3203,45
3204,59
3205,42
3206,63
3207,45
3208,73
3209,81
3210,60
3211,65
3212,63
3213,65
3214,58
3215,37
3216,30
3217,32
3218,67
3219,62
3220,81
3221,51
3222,46
3223,30
3224,21
3225,5
3226,53
3227,66
3228,55
3229,69
3230,10
3231,43
3232,66
3233,43
3234,47
3235,64
3236,81
3237,69
3238,64
3239,8
3240,43
3241,54
3242,27
3243,55
3244,76
3245,84
3246,81
3247,27
3248,49
3249,38
3250,52
3251,64
3252,46
3253,47
3254,71
3255,60
3256,72
3257,31
3258,69
3259,39
3260,61
3261,56
3262,49
3263,46
3264,52
3265,99
3266,39
3267,58
3268,87
3269,63
3270,29
3271,48
3272,38
3273,57
3274,41
3275,49
3276,73
3277,94
3278,57
3279,74
3280,79
3281,44
3282,74
3283,14
3284,7
3285,60
3286,65
3287,43
3288,91
3289,73
3290,55
3291,67
3292,47
3293,40
3294,22
3295,92
3296,29
3297,74
3298,46
3299,36
3300,52
3301,70
3302,10
3303,76
3304,84
3305,53
3306,90
3307,90
3308,70
3309,30
3310,68
3311,51
3312,77
3313,89
3314,60
3315,54
3316,32
3317,18
3318,48
3319,0
3320,56
3321,65
3322,75
3323,64
3324,75
3325,46
3326,39
3327,62
3328,60
3329,27
3330,35
3331,79
3332,58
3333,40
3334,28
3335,65
3336,42
3337,46
3338,78
3339,72
3340,31
3341,3
3342,38
3343,58
3344,79
3345,69
3346,45
3347,67
3348,53
3349,75
3350,83
3351,79
3352,37
3353,43
3354,40
3355,39
3356,14
3357,57
3358,63
3359,28
3360,57
3361,46
3362,40
3363,66
3364,74
3365,77
3366,56
3367,70
3368,51
3369,91
3370,48
3371,55
3372,2
3373,65
3374,68
3375,81
3376,30
3377,44
3378,39
3379,64
3380,74
3381,32
3382,55
3383,33
3384,8
3385,42
3386,58
3387,79
3388,43
3389,37
3390,57
3391,2
3392,1
3393,64
3394,18
3395,59
3396,58
3397,85
3398,44
3399,60
3400,19
3401,47
3402,39
3403,43
3404,57
3405,81
3406,55
3407,95
3408,65
3409,60
3410,21
3411,80
3412,31
3413,81
3414,48
3415,55
3416,82
3417,22
3418,31
3419,46
3420,56
3421,68
3422,63
3423,74
3424,60
3425,75
3426,41
3427,54
3428,64
3429,24
3430,32
3431,4
3432,61
3433,70
3434,2
3435,98
3436,59
3437,68
3438,87
3439,45
3440,35
3441,80
3442,69
3443,48
3444,28
3445,68
3446,67
3447,55
3448,66
3449,63
3450,70
3451,66
3452,55
3453,52
3454,57
3455,33
3456,26
3457,55
3458,62
3459,32
3460,93
3461,2
3462,22
3463,3
3464,81
3465,23
3466,59
3467,70
3468,49
3469,38
3470,47
3471,63
3472,67
3473,27
3474,52
3475,7
3476,65
3477,22
3478,56
3479,23
3480,1
3481,16
3482,40
3483,73
3484,35
3485,59
3486,73
3487,67
3488,88
3489,90
3490,67
3491,42
3492,23
3493,54
3494,42
3495,47
3496,61
3497,8
3498,67
3499,56
3500,60
3501,61
3502,41
3503,48
3504,71
3505,38
3506,38
3507,70
3508,80
3509,51
3510,27
3511,47
3512,86
3513,86
3514,97
3515,52
3516,85
3517,16
3518,32
3519,73
3520,51
3521,63
3522,31
3523,80
3524,54
3525,47
3526,44
3527,0
3528,69
3529,39
3530,90
3531,64
3532,50
3533,63
3534,55
3535,59
3536,71
3537,54
3538,55
3539,81
3540,77
3541,52
3542,51
3543,29
3544,53
3545,8
3546,74
3547,72
3548,80
3549,48
3550,52
3551,83
3552,6
3553,69
3554,87
3555,29
3556,14
3557,51
3558,55
3559,65
3560,71
3561,31
3562,72
3563,42
3564,78
3565,51
3566,74
3567,35
3568,53
3569,35
3570,4
3571,35
3572,14
3573,26
3574,34
3575,68
3576,33
3577,44
3578,78
3579,18
3580,37
3581,43
3582,26
3583,44
3584,65
3585,58
3586,39
3587,45
3588,55
3589,74
3590,71
3591,34
3592,83
3593,48
3594,48
3595,69
3596,70
3597,7
3598,92
3599,70
3600,69
3601,23
3602,33
3603,0
3604,44
3605,68
3606,63
3607,48
3608,50
3609,50
3610,72
3611,51
3612,56
3613,44
3614,55
3615,73
3616,65
3617,75
3618,46
3619,94
3620,60
3621,58
3622,75
3623,40
3624,59
3625,66
3626,1
3627,72
3628,19
3629,53
3630,52
3631,87
3632,42
3633,57
3634,18
3635,46
3636,67
3637,20
3638,36
3639,59
3640,80
3641,76
3642,63
3643,45
3644,26
3645,87
3646,82
3647,45
3648,37
3649,45
3650,56
3651,39
3652,60
3653,71
3654,49
3655,1
3656,53
3657,42
3658,87
3659,37
3660,42
3661,40
3662,39
3663,64
3664,75
3665,3
3666,2
3667,52
3668,43
3669,63
3670,11
3671,90
3672,25
3673,30
3674,66
3675,47
3676,19
3677,64
3678,69
3679,5
3680,71
3681,49
3682,89
3683,51
3684,84
3685,18
3686,9
3687,65
3688,57
3689,89
3690,75
3691,70
3692,90
3693,82
3694,35
3695,71
3696,57
3697,32
3698,50
3699,55
3700,40
3701,48
3702,82
3703,53
3704,54
3705,75
3706,21
3707,13
3708,53
3709,36
3710,53
3711,39
3712,26
3713,37
3714,97
3715,70
3716,69
3717,9
3718,98
3719,57
3720,62
3721,55
3722,30
3723,49
3724,55
3725,60
3726,75
3727,27
3728,40
3729,36
3730,69
3731,24
3732,30
3733,22
3734,49
3735,97
3736,79
3737,52
3738,40
3739,64
3740,24
3741,26
3742,69
3743,65
3744,60
3745,43
3746,24
3747,85
3748,70
3749,14
3750,29
3751,31
3752,53
3753,88
3754,82
3755,47
3756,49
3757,60
3758,62
3759,67
3760,33
3761,48
3762,47
3763,11
3764,75
3765,3
3766,78
3767,49
3768,73
3769,83
3770,65
3771,9
3772,40
3773,75
3774,54
3775,74
3776,47
3777,70
3778,19
3779,43
3780,84
3781,80
3782,69
3783,68
3784,69
3785,41
3786,27
3787,5
3788,68
3789,24
3790,65
3791,63
3792,57
3793,30
3794,48
3795,50
3796,59
3797,85
3798,26
3799,62
3800,40
3801,52
3802,1
3803,27
3804,35
3805,86
3806,60
3807,67
3808,53
3809,15
3810,54
3811,0
3812,50
3813,77
3814,32
3815,0
3816,75
3817,38
3818,77
3819,23
3820,5
3821,39
3822,0
3823,33
3824,74
3825,72
3826,50
3827,69
3828,84
3829,30
3830,62
3831,72
3832,66
3833,39
3834,2
3835,14
3836,6
3837,0
3838,2
3839,49
3840,70
3841,56
3842,46
3843,46
3844,57
3845,56
3846,65
3847,57
3848,63
3849,41
3850,42
3851,14
3852,73
3853,44
3854,29
3855,64
3856,94
3857,83
3858,57
3859,24
3860,49
3861,31
3862,43
3863,81
3864,68
3865,6
3866,31
3867,60
3868,60
3869,60
3870,35
3871,38
3872,54
3873,45
3874,52
3875,30
3876,51
3877,87
3878,52
3879,54
3880,54
3881,49
3882,69
3883,63
3884,74
3885,62
3886,72
3887,41
3888,74
3889,62
3890,38
3891,19
3892,40
3893,25
3894,37
3895,62
3896,52
3897,3
3898,72
3899,32
3900,76
3901,4
3902,52
3903,65
3904,47
3905,50
3906,70
3907,1
3908,46
3909,13
3910,74
3911,65
3912,44
3913,69
3914,73
3915,59
3916,66
3917,71
3918,69
3919,59
3920,74
3921,76
3922,67
3923,60
3924,43
3925,0
3926,55
3927,46
3928,13
3929,17
3930,41
3931,57
3932,76
3933,71
3934,41
3935,55
3936,60
3937,66
3938,43
3939,23
3940,57
3941,22
3942,77
3943,66
3944,72
3945,79
3946,22
3947,76
3948,57
3949,43
3950,70
3951,78
3952,20
3953,95
3954,31
3955,63
3956,52
3957,56
3958,36
3959,53
3960,74
3961,63
3962,65
3963,72
3964,0
3965,37
3966,79
3967,42
3968,52
3969,65
3970,61
3971,67
3972,52
3973,49
3974,61
3975,66
3976,71
3977,66
3978,2
3979,60
3980,4
3981,65
3982,94
3983,86
3984,44
3985,39
3986,49
3987,28
3988,80
3989,65
3990,77
3991,62
3992,70
3993,53
3994,4
3995,63
3996,87
3997,39
3998,68
3999,83
4000,64
4001,42
4002,53
4003,65
4004,78
4005,30
4006,95
4007,56
4008,68
4009,8
4010,53
4011,41
4012,33
4013,51
4014,35
4015,45
4016,26
4017,68
4018,30
4019,72
4020,61
4021,59
4022,24
4023,47
4024,41
4025,69
4026,53
4027,68
4028,58
4029,21
4030,60
4031,0
4032,30
4033,23
4034,58
4035,51
4036,59
4037,33
4038,70
4039,60
4040,59
4041,73
4042,32
4043,62
4044,68
4045,65
4046,69
4047,79
4048,67
4049,77
4050,16
4051,12
4052,52
4053,36
4054,36
4055,77
4056,77
4057,54
4058,69
4059,67
4060,38
4061,60
4062,81
4063,79
4064,74
4065,50
4066,15
4067,71
4068,83
4069,64
4070,63
4071,55
4072,15
4073,6
4074,40
4075,38
4076,68
4077,38
4078,52
4079,76
4080,39
4081,31
4082,59
4083,72
4084,62
4085,45
4086,65
4087,32
4088,78
4089,46
4090,69
4091,45
4092,4
4093,66
4094,15
4095,85
4096,83
4097,43
4098,73
4099,77
4100,77
4101,20
4102,72
4103,0
4104,30
4105,39
4106,48
4107,66
4108,36
4109,54
4110,48
4111,62
4112,35
4113,66
4114,78
4115,67
4116,77
4117,73
4118,48
4119,65
4120,16
4121,32
4122,61
4123,55
4124,62
4125,3
4126,68
4127,43
4128,81
4129,8
4130,4
4131,52
4132,47
4133,50
4134,49
4135,79
4136,50
4137,48
4138,31
4139,44
4140,45
4141,68
4142,56
4143,13
4144,67
4145,48
4146,78
4147,51
4148,76
4149,63
4150,71
4151,14
4152,38
4153,33
4154,96
4155,86
4156,58
4157,30
4158,65
4159,47
4160,32
4161,86
4162,46
4163,37
4164,48
4165,27
4166,60
4167,80
4168,0
4169,42
4170,58
4171,94
4172,68
4173,75
4174,89
4175,47
4176,9
4177,40
4178,65
4179,45
4180,79
4181,19
4182,65
4183,52
4184,51
4185,36
4186,22
4187,77
4188,47
4189,52
4190,35
4191,63
4192,53
4193,18
4194,61
4195,26
4196,51
4197,53
4198,54
4199,71
4200,57
4201,10
4202,62
4203,49
4204,60
4205,47
4206,30
4207,71
4208,48
4209,48
4210,62
4211,40
4212,82
4213,62
4214,43
4215,45
4216,54
4217,75
4218,23
4219,46
4220,34
4221,5
4222,87
4223,55
4224,58
4225,61
4226,75
4227,1
4228,70
4229,57
4230,0
4231,50
4232,5
4233,43
4234,65
4235,71
4236,64
4237,63
4238,69
4239,24
4240,62
4241,48
4242,84
4243,73
4244,55
4245,47
4246,57
4247,64
4248,65
4249,82
4250,42
4251,60
4252,89
4253,72
4254,0
4255,77
4256,86
4257,46
4258,59
4259,69
4260,31
4261,49
4262,71
4263,57
4264,70
4265,64
4266,29
4267,77
4268,50
4269,74
4270,73
4271,79
4272,75
4273,85
4274,70
4275,61
4276,46
4277,75
4278,80
4279,22
4280,87
4281,64
4282,42
4283,49
4284,59
4285,55
4286,77
4287,50
4288,62
4289,67
4290,52
4291,98
4292,43
4293,61
4294,86
4295,44
4296,88
4297,71
4298,58
4299,61
4300,43
4301,47
4302,69
4303,0
4304,61
4305,82
4306,52
4307,18
4308,0
4309,78
4310,57
4311,17
4312,53
4313,44
4314,78
4315,27
4316,52
4317,42
4318,68
4319,59
4320,54
4321,36
4322,66
4323,24
4324,41
4325,74
4326,31
4327,54
4328,41
4329,37
4330,37
4331,26
4332,68
4333,46
4334,48
4335,34
4336,72
4337,37
4338,83
4339,68
4340,66
4341,65
4342,1
4343,45
4344,46
4345,54
4346,60
4347,67
4348,62
4349,28
4350,69
4351,66
4352,71
4353,60
4354,52
4355,60
4356,0
4357,33
4358,69
4359,71
4360,66
4361,49
4362,57
4363,17
4364,51
4365,38
4366,63
4367,32
4368,59
4369,36
4370,87
4371,66
4372,64
4373,0
4374,80
4375,76
4376,55
4377,62
4378,60
4379,47
4380,78
4381,26
4382,65
4383,53
4384,60
4385,5
4386,56
4387,24
4388,9
4389,40
4390,48
4391,38
4392,83
4393,72
4394,58
4395,66
4396,74
4397,49
4398,2
4399,49
4400,45
4401,41
4402,87
4403,3
4404,57
4405,60
4406,70
4407,61
4408,16
4409,54
4410,66
4411,97
4412,73
4413,32
4414,62
4415,53
4416,81
4417,76
4418,77
4419,1
4420,48
4421,76
4422,77
4423,60
4424,65
4425,71
4426,73
4427,45
4428,53
4429,24
4430,41
4431,40
4432,54
4433,38
4434,56
4435,62
4436,70
4437,0
4438,75
4439,51
4440,58
4441,60
4442,52
4443,54
4444,79
4445,51
4446,69
4447,59
4448,63
4449,99
4450,0
4451,43
4452,47
4453,58
4454,54
4455,44
4456,65
4457,61
4458,36
4459,31
4460,23
4461,62
4462,57
4463,58
4464,34
4465,55
4466,51
4467,66
4468,48
4469,80
4470,68
4471,74
4472,79
4473,5
4474,67
4475,71
4476,58
4477,58
4478,58
4479,63
4480,74
4481,74
4482,64
4483,76
4484,70
4485,74
4486,56
4487,91
4488,85
4489,24
4490,67
4491,55
4492,64
4493,43
4494,46
4495,63
4496,3
4497,96
4498,51
4499,63
4500,76
4501,63
4502,48
4503,57
4504,24
4505,43
4506,55
4507,39
4508,36
4509,24
4510,16
4511,23
4512,95
4513,56
4514,48
4515,27
4516,22
4517,76
4518,63
4519,45
4520,94
4521,74
4522,55
4523,34
4524,2
4525,55
4526,45
4527,77
4528,77
4529,36
4530,69
4531,50
4532,81
4533,70
4534,41
4535,64
4536,78
4537,81
4538,68
4539,25
4540,55
4541,77
4542,81
4543,0
4544,60
4545,10
4546,24
4547,39
4548,34
4549,51
4550,53
4551,49
4552,57
4553,53
4554,59
4555,60
4556,1
4557,76
4558,81
4559,48
4560,50
4561,75
4562,70
4563,0
4564,34
4565,6
4566,63
4567,44
4568,70
4569,64
4570,60
4571,60
4572,37
4573,50
4574,78
4575,44
4576,51
4577,46
4578,65
4579,73
4580,86
4581,23
4582,70
4583,58
4584,57
4585,34
4586,46
4587,81
4588,73
4589,50
4590,61
4591,87
4592,61
4593,63
4594,11
4595,12
4596,55
4597,35
4598,0
4599,50
4600,60
4601,55
4602,57
4603,72
4604,51
4605,66
4606,66
4607,32
4608,60
4609,64
4610,65
4611,72
4612,65
4613,71
4614,38
4615,45
4616,46
4617,52
4618,76
4619,48
4620,16
4621,24
4622,95
4623,41
4624,57
4625,70
4626,57
4627,79
4628,75
4629,51
4630,56
4631,21
4632,43
4633,19
4634,22
4635,46
4636,44
4637,65
4638,57
4639,92
4640,72
4641,40
4642,42
4643,61
4644,63
4645,46
4646,21
4647,18
4648,34
4649,54
4650,42
4651,55
4652,6
4653,48
4654,74
4655,77
4656,50
4657,65
4658,96
4659,72
4660,50
4661,30
4662,72
4663,36
4664,62
4665,51
4666,59
4667,90
4668,72
4669,87
4670,48
4671,42
4672,60
4673,2
4674,59
4675,66
4676,42
4677,54
4678,86
4679,58
4680,85
4681,39
4682,72
4683,95
4684,59
4685,48
4686,52
4687,35
4688,56
4689,31
4690,54
4691,27
4692,73
4693,69
4694,59
4695,44
4696,50
4697,53
4698,52
4699,22
4700,37
4701,66
4702,75
4703,47
4704,76
4705,44
4706,21
4707,66
4708,47
4709,36
4710,42
4711,56
4712,23
4713,62
4714,1
4715,72
4716,78
4717,3
4718,38
4719,47
4720,57
4721,83
4722,45
4723,66
4724,79
4725,58
4726,6
4727,1
4728,91
4729,80
4730,76
4731,58
4732,51
4733,41
4734,54
4735,65
4736,74
4737,72
4738,90
4739,46
4740,61
4741,65
4742,78
4743,43
4744,75
4745,40
4746,63
4747,28
4748,41
4749,94
4750,87
4751,53
4752,39
4753,90
4754,64
4755,39
4756,51
4757,16
4758,52
4759,4
4760,41
4761,76
4762,17
4763,48
4764,36
4765,71
4766,38
4767,21
4768,16
4769,72
4770,41
4771,75
4772,60
4773,58
4774,49
4775,52
4776,2
4777,69
4778,57
4779,74
4780,22
4781,70
4782,70
4783,32
4784,40
4785,32
4786,12
4787,76
4788,46
4789,0
4790,56
4791,38
4792,53
4793,41
4794,53
4795,55
4796,37
4797,98
4798,74
4799,44
4800,26
4801,67
4802,24
4803,59
4804,90
4805,73
4806,67
4807,47
4808,74
4809,47
4810,27
4811,7
4812,51
4813,92
4814,12
4815,75
4816,52
4817,39
4818,11
4819,22
4820,72
4821,52
4822,68
4823,70
4824,64
4825,61
4826,62
4827,42
4828,76
4829,28
4830,43
4831,31
4832,51
4833,47
4834,64
4835,71
4836,48
4837,37
4838,58
4839,56
4840,46
4841,64
4842,48
4843,60
4844,66
4845,52
4846,40
4847,87
4848,45
4849,52
4850,43
4851,76
4852,62
4853,61
4854,69
4855,79
4856,44
4857,36
4858,36
4859,65
4860,77
4861,29
4862,69
4863,74
4864,65
4865,35
4866,46
4867,51
4868,51
4869,65
4870,25
4871,73
4872,47
4873,52
4874,51
4875,41
4876,65
4877,53
4878,6
4879,94
4880,61
4881,73
4882,0
4883,87
4884,52
4885,64
4886,69
4887,48
4888,8
4889,45
4890,46
4891,45
4892,29
4893,78
4894,17
4895,68
4896,53
4897,22
4898,3
4899,53
4900,64
4901,55
4902,54
4903,55
4904,66
4905,56
4906,54
4907,36
4908,95
4909,39
4910,42
4911,77
4912,57
4913,51
4914,71
4915,46
4916,68
4917,52
4918,69
4919,21
4920,70
4921,21
4922,68
4923,19
4924,41
4925,68
4926,48
4927,77
4928,54
4929,64
4930,60
4931,93
4932,27
4933,70
4934,10
4935,89
4936,23
4937,62
4938,43
4939,6
4940,65
4941,54
4942,39
4943,34
4944,61
4945,52
4946,36
4947,58
4948,90
4949,75
4950,78
4951,56
4952,84
4953,11
4954,49
4955,75
4956,72
4957,1
4958,40
4959,95
4960,53
4961,46
4962,78
4963,46
4964,43
4965,61
4966,3
4967,56
4968,74
4969,43
4970,3
4971,81
4972,49
4973,58
4974,26
4975,72
4976,77
4977,23
4978,35
4979,77
4980,43
4981,59
4982,71
4983,56
4984,48
4985,52
4986,84
4987,69
4988,58
4989,38
4990,43
4991,68
4992,73
4993,8
4994,30
4995,76
4996,70
4997,40
4998,21
4999,42
5000,72
5001,39
5002,81
5003,28
5004,90
5005,36
5006,24
5007,56
5008,67
5009,43
5010,65
5011,71
5012,42
5013,73
5014,72
5015,62
5016,68
5017,61
5018,35
5019,49
5020,25
5021,71
5022,82
5023,92
5024,75
5025,47
5026,54
5027,34
5028,51
5029,2
5030,68
5031,45
5032,77
5033,54
5034,44
5035,90
5036,68
5037,67
5038,34
5039,36
5040,71
5041,55
5042,48
5043,41
5044,63
5045,76
5046,70
5047,47
5048,60
5049,56
5050,92
5051,44
5052,59
5053,90
5054,25
5055,22
5056,34
5057,75
5058,0
5059,59
5060,58
5061,60
5062,90
5063,65
5064,80
5065,75
5066,64
5067,65
5068,70
5069,87
5070,16
5071,75
5072,46
5073,77
5074,44
5075,49
5076,42
5077,2
5078,64
5079,61
5080,62
5081,34
5082,53
5083,59
5084,78
5085,51
5086,72
5087,49
5088,72
5089,57
5090,50
5091,31
5092,7
5093,36
5094,4
5095,35
5096,41
5097,48
5098,56
5099,66
5100,27
5101,53
5102,73
5103,48
5104,14
5105,70
5106,45
5107,78
5108,84
5109,52
5110,46
5111,8
5112,81
5113,55
5114,78
5115,68
5116,71
5117,46
5118,76
5119,64
5120,65
5121,41
5122,51
5123,29
5124,64
5125,62
5126,25
5127,81
5128,86
5129,55
5130,60
5131,49
5132,46
5133,10
5134,62
5135,57
5136,61
5137,50
5138,42
5139,1
5140,63
5141,50
5142,55
5143,16
5144,93
5145,36
5146,0
5147,52
5148,44
5149,53
5150,56
5151,62
5152,57
5153,51
5154,61
5155,53
5156,23
5157,51
5158,8
5159,74
5160,51
5161,61
5162,51
5163,54
5164,39
5165,55
5166,71
5167,23
5168,43
5169,45
5170,63
5171,55
5172,59
5173,71
5174,54
5175,58
5176,6
5177,45
5178,69
5179,90
5180,59
5181,45
5182,77
5183,48
5184,72
5185,90
5186,64
5187,56
5188,50
5189,63
5190,80
5191,53
5192,31
5193,54
5194,32
5195,85
5196,75
5197,100
5198,52
5199,71
5200,82
5201,87
5202,66
5203,69
5204,14
5205,32
5206,36
5207,62
5208,36
5209,44
5210,35
5211,52
5212,36
5213,67
5214,61
5215,73
5216,48
5217,82
5218,58
5219,51
5220,38
5221,52
5222,2
5223,22
5224,10
5225,0
5226,66
5227,45
5228,76
5229,34
5230,19
5231,13
5232,30
5233,66
5234,69
5235,81
5236,42
5237,45
5238,0
5239,60
5240,52
5241,62
5242,41
5243,39
5244,51
5245,40
5246,32
5247,52
5248,73
5249,76
5250,38
5251,3
5252,59
5253,18
5254,2
5255,15
5256,61
5257,46
5258,39
5259,77
5260,73
5261,81
5262,69
5263,73
5264,67
5265,78
5266,96
5267,39
5268,72
5269,81
5270,33
5271,0
5272,9
5273,72
5274,30
5275,68
5276,67
5277,38
5278,21
5279,71
5280,59
5281,72
5282,27
5283,67
5284,19
5285,66
5286,24
5287,64
5288,87
5289,32
5290,81
5291,46
5292,55
5293,17
5294,62
5295,5
5296,65
5297,34
5298,65
5299,68
5300,51
5301,68
5302,35
5303,37
5304,4
5305,80
5306,28
5307,58
5308,62
5309,46
5310,91
5311,43
5312,90
5313,72
5314,47
5315,42
5316,92
5317,43
5318,32
5319,50
5320,48
5321,45
5322,45
5323,23
5324,57
5325,54
5326,2
5327,60
5328,30
5329,16
5330,60
5331,68
5332,39
5333,45
5334,82
5335,62
5336,87
5337,58
5338,0
5339,76
5340,14
5341,5
5342,61
5343,52
5344,60
5345,77
5346,87
5347,69
5348,46
5349,16
5350,62
5351,52
5352,54
5353,73
5354,76
5355,9
5356,78
5357,11
5358,43
5359,42
5360,43
5361,71
5362,61
5363,67
5364,70
5365,4
5366,68
5367,4
5368,68
5369,44
5370,48
5371,48
5372,73
5373,95
5374,73
5375,48
5376,61
5377,64
5378,64
5379,34
5380,55
5381,16
5382,43
5383,79
5384,65
5385,66
5386,65
5387,71
5388,78
5389,56
5390,67
5391,75
5392,36
5393,50
5394,72
5395,43
5396,64
5397,74
5398,66
5399,72
5400,79
5401,57
5402,35
5403,58
5404,53
5405,67
5406,51
5407,69
5408,7
5409,42
5410,68
5411,70
5412,35
5413,69
5414,54
5415,67
5416,83
5417,20
5418,72
5419,68
5420,65
5421,42
5422,38
5423,36
5424,47
5425,54
5426,79
5427,53
5428,37
5429,24
5430,52
5431,33
5432,26
5433,9
5434,81
5435,27
5436,77
5437,35
5438,56
5439,54
5440,0
5441,24
5442,72
5443,49
5444,45
5445,22
5446,77
5447,31
5448,58
5449,18
5450,61
5451,37
5452,21
5453,3
5454,4
5455,42
5456,6
5457,60
5458,61
5459,56
5460,85
5461,78
5462,81
5463,44
5464,52
5465,65
5466,68
5467,62
5468,62
5469,87
5470,70
5471,35
5472,66
5473,85
5474,43
5475,41
5476,3
5477,92
5478,78
5479,61
5480,45
5481,32
5482,66
5483,71
5484,90
5485,69
5486,85
5487,64
5488,68
5489,76
5490,85
5491,72
5492,96
5493,63
5494,73
5495,52
5496,58
5497,50
5498,76
5499,53
5500,67
5501,32
5502,47
5503,34
5504,51
5505,82
5506,42
5507,37
5508,7
5509,52
5510,2
5511,77
5512,37
5513,6
5514,22
5515,35
5516,95
5517,56
5518,53
5519,71
5520,63
5521,12
5522,43
5523,80
5524,62
5525,35
5526,72
5527,62
5528,80
5529,79
5530,92
5531,17
5532,52
5533,54
5534,8
5535,49
5536,75
5537,25
5538,23
5539,60
5540,34
5541,72
5542,8
5543,60
5544,55
5545,49
5546,69
5547,27
5548,48
5549,33
5550,83
5551,22
5552,84
5553,51
5554,63
5555,70
5556,59
5557,77
5558,76
5559,53
5560,56
5561,3
5562,59
5563,65
5564,0
5565,89
5566,82
5567,51
5568,45
5569,62
5570,75
5571,7
5572,57
5573,19
5574,47
5575,70
5576,12
5577,58
5578,47
5579,45
5580,47
5581,42
5582,37
5583,39
5584,76
5585,75
5586,69
5587,47
5588,64
5589,18
5590,55
5591,28
5592,87
5593,44
5594,70
5595,65
5596,64
5597,51
5598,78
5599,41
5600,31
5601,47
5602,65
5603,65
5604,41
5605,81
5606,82
5607,0
5608,37
5609,64
5610,75
5611,69
5612,26
5613,71
5614,71
5615,36
5616,76
5617,50
5618,49
5619,76
5620,69
5621,59
5622,63
5623,75
5624,3
5625,20
5626,66
5627,30
5628,64
5629,48
5630,84
5631,0
5632,46
5633,9
5634,87
5635,2
5636,34
5637,19
5638,73
5639,26
5640,68
5641,1
5642,27
5643,52
5644,71
5645,71
5646,72
5647,79
5648,80
5649,71
