"id","song_popularity"
1,56
2,53
3,59
4,56
5,54
6,49
7,50
8,54
9,56
10,51
11,55
12,55
13,49
14,55
15,52
16,51
17,48
18,50
19,51
20,52
21,40
22,53
23,48
24,44
25,51
26,59
27,57
28,51
29,54
30,47
31,51
32,50
33,54
34,39
35,54
36,54
37,58
38,57
39,41
40,51
41,57
42,51
43,50
44,50
45,55
46,50
47,62
48,53
49,59
50,58
51,44
52,52
53,54
54,55
55,48
56,54
57,50
58,58
59,57
60,40
61,51
62,48
63,53
64,48
65,42
66,52
67,55
68,50
69,54
70,48
71,48
72,52
73,54
74,56
75,53
76,49
77,50
78,56
79,45
80,44
81,46
82,56
83,44
84,48
85,47
86,48
87,54
88,56
89,50
90,54
91,45
92,44
93,58
94,53
95,51
96,50
97,53
98,51
99,53
100,51
101,50
102,57
103,50
104,48
105,62
106,60
107,52
108,52
109,51
110,47
111,46
112,54
113,55
114,52
115,51
116,56
117,61
118,52
119,58
120,55
121,48
122,46
123,53
124,62
125,49
126,58
127,60
128,52
129,49
130,55
131,57
132,54
133,53
134,50
135,50
136,51
137,52
138,48
139,43
140,44
141,51
142,49
143,60
144,53
145,46
146,52
147,58
148,54
149,48
150,53
151,48
152,56
153,53
154,54
155,49
156,49
157,59
158,47
159,57
160,52
161,47
162,57
163,56
164,49
165,49
166,53
167,57
168,50
169,53
170,50
171,46
172,53
173,59
174,52
175,62
176,53
177,49
178,53
179,48
180,53
181,58
182,51
183,51
184,58
185,55
186,48
187,49
188,52
189,57
190,53
191,60
192,57
193,55
194,53
195,51
196,53
197,52
198,58
199,53
200,59
201,50
202,58
203,44
204,57
205,48
206,44
207,51
208,48
209,52
210,49
211,50
212,59
213,41
214,52
215,51
216,58
217,53
218,53
219,53
220,54
221,48
222,52
223,52
224,56
225,58
226,49
227,45
228,57
229,53
230,57
231,51
232,50
233,51
234,47
235,55
236,50
237,52
238,54
239,50
240,57
241,56
242,55
243,54
244,52
245,48
246,57
247,48
248,50
249,52
250,58
251,60
252,55
253,52
254,55
255,49
256,56
257,55
258,59
259,58
260,55
261,57
262,54
263,53
264,54
265,48
266,55
267,57
268,51
269,52
270,58
271,51
272,50
273,60
274,50
275,55
276,54
277,46
278,54
279,46
280,50
281,50
282,54
283,60
284,50
285,50
286,54
287,52
288,59
289,51
290,52
291,53
292,50
293,45
294,51
295,45
296,55
297,60
298,56
299,57
300,53
301,51
302,55
303,53
304,53
305,55
306,47
307,43
308,53
309,58
310,60
311,51
312,55
313,53
314,54
315,52
316,52
317,49
318,51
319,54
320,56
321,56
322,58
323,57
324,41
325,56
326,53
327,49
328,54
329,56
330,53
331,48
332,47
333,59
334,49
335,51
336,54
337,53
338,54
339,57
340,60
341,46
342,56
343,47
344,53
345,52
346,48
347,56
348,57
349,56
350,56
351,52
352,51
353,55
354,51
355,54
356,48
357,60
358,49
359,56
360,54
361,52
362,53
363,52
364,54
365,58
366,60
367,51
368,53
369,55
370,51
371,54
372,53
373,55
374,50
375,54
376,50
377,58
378,56
379,48
380,55
381,52
382,57
383,52
384,52
385,48
386,47
387,39
388,51
389,57
390,54
391,58
392,56
393,53
394,50
395,49
396,52
397,50
398,60
399,55
400,54
401,59
402,50
403,54
404,52
405,52
406,51
407,54
408,48
409,52
410,57
411,50
412,58
413,48
414,45
415,52
416,51
417,51
418,53
419,56
420,55
421,51
422,47
423,50
424,60
425,49
426,46
427,54
428,44
429,56
430,54
431,46
432,53
433,49
434,54
435,44
436,54
437,50
438,55
439,51
440,51
441,57
442,56
443,49
444,54
445,53
446,56
447,57
448,57
449,54
450,48
451,59
452,47
453,50
454,53
455,42
456,49
457,55
458,53
459,55
460,49
461,49
462,49
463,52
464,53
465,48
466,48
467,60
468,54
469,44
470,61
471,52
472,56
473,53
474,52
475,52
476,47
477,48
478,50
479,57
480,47
481,58
482,54
483,60
484,54
485,60
486,50
487,53
488,57
489,48
490,48
491,51
492,45
493,50
494,52
495,56
496,50
497,60
498,49
499,54
500,58
501,48
502,52
503,51
504,58
505,56
506,44
507,55
508,48
509,55
510,51
511,51
512,64
513,49
514,51
515,50
516,50
517,53
518,53
519,55
520,57
521,47
522,49
523,50
524,50
525,55
526,53
527,59
528,46
529,49
530,50
531,48
532,57
533,50
534,50
535,56
536,58
537,56
538,54
539,56
540,53
541,54
542,49
543,50
544,45
545,51
546,54
547,56
548,53
549,56
550,54
551,56
552,53
553,60
554,52
555,55
556,40
557,52
558,51
559,55
560,51
561,58
562,44
563,51
564,49
565,43
566,53
567,46
568,53
569,53
570,53
571,58
572,52
573,49
574,52
575,58
576,53
577,52
578,51
579,53
580,53
581,43
582,48
583,57
584,54
585,51
586,48
587,47
588,51
589,51
590,50
591,53
592,50
593,54
594,46
595,46
596,51
597,53
598,56
599,51
600,53
601,48
602,60
603,51
604,44
605,47
606,51
607,47
608,51
609,51
610,53
611,50
612,53
613,55
614,52
615,54
616,55
617,52
618,59
619,48
620,56
621,54
622,55
623,54
624,62
625,54
626,53
627,48
628,54
629,54
630,48
631,51
632,51
633,55
634,51
635,59
636,60
637,49
638,44
639,54
640,57
641,53
642,54
643,55
644,54
645,45
646,51
647,55
648,55
649,58
650,58
651,45
652,53
653,51
654,44
655,56
656,56
657,49
658,60
659,54
660,60
661,59
662,52
663,47
664,49
665,60
666,56
667,53
668,49
669,53
670,44
671,54
672,47
673,60
674,58
675,49
676,53
677,58
678,48
679,54
680,58
681,55
682,54
683,51
684,44
685,52
686,58
687,54
688,54
689,52
690,52
691,51
692,60
693,53
694,62
695,54
696,54
697,50
698,48
699,48
700,49
701,44
702,44
703,53
704,56
705,53
706,48
707,50
708,49
709,51
710,55
711,54
712,52
713,52
714,52
715,52
716,45
717,53
718,57
719,53
720,53
721,46
722,53
723,48
724,48
725,48
726,50
727,57
728,43
729,52
730,56
731,47
732,52
733,53
734,53
735,48
736,53
737,53
738,58
739,52
740,52
741,50
742,54
743,46
744,56
745,46
746,59
747,57
748,58
749,54
750,47
751,52
752,50
753,54
754,50
755,46
756,48
757,53
758,55
759,53
760,48
761,58
762,60
763,58
764,57
765,48
766,52
767,49
768,54
769,57
770,49
771,53
772,54
773,48
774,58
775,51
776,51
777,51
778,51
779,47
780,54
781,53
782,51
783,57
784,50
785,54
786,44
787,59
788,47
789,50
790,48
791,55
792,60
793,47
794,55
795,54
796,54
797,49
798,43
799,52
800,58
801,55
802,57
803,56
804,45
805,58
806,53
807,53
808,52
809,54
810,54
811,47
812,53
813,52
814,57
815,45
816,49
817,53
818,53
819,54
820,52
821,49
822,50
823,43
824,62
825,54
826,46
827,52
828,55
829,49
830,51
831,52
832,56
833,52
834,56
835,51
836,58
837,54
838,49
839,52
840,43
841,50
842,46
843,52
844,52
845,47
846,56
847,53
848,57
849,50
850,56
851,50
852,54
853,48
854,50
855,56
856,51
857,53
858,50
859,51
860,52
861,60
862,55
863,60
864,49
865,48
866,53
867,50
868,53
869,50
870,53
871,51
872,54
873,49
874,56
875,54
876,56
877,54
878,47
879,48
880,49
881,59
882,50
883,53
884,44
885,52
886,57
887,45
888,54
889,60
890,54
891,53
892,53
893,55
894,47
895,54
896,59
897,52
898,53
899,58
900,60
901,47
902,54
903,51
904,54
905,50
906,55
907,52
908,49
909,49
910,38
911,52
912,52
913,52
914,51
915,46
916,54
917,55
918,49
919,52
920,57
921,50
922,50
923,46
924,57
925,59
926,56
927,50
928,54
929,51
930,54
931,50
932,58
933,49
934,52
935,53
936,51
937,48
938,54
939,52
940,54
941,57
942,54
943,57
944,55
945,51
946,51
947,54
948,60
949,48
950,53
951,54
952,48
953,48
954,50
955,60
956,58
957,57
958,51
959,47
960,45
961,47
962,51
963,45
964,49
965,52
966,48
967,54
968,58
969,51
970,55
971,54
972,52
973,50
974,54
975,53
976,46
977,52
978,47
979,44
980,53
981,52
982,54
983,45
984,47
985,54
986,45
987,57
988,48
989,54
990,54
991,48
992,53
993,60
994,51
995,43
996,55
997,58
998,54
999,51
1000,50
1001,56
1002,44
1003,54
1004,52
1005,55
1006,51
1007,56
1008,49
1009,41
1010,55
1011,52
1012,51
1013,53
1014,49
1015,54
1016,58
1017,60
1018,53
1019,51
1020,53
1021,50
1022,50
1023,48
1024,52
1025,49
1026,46
1027,46
1028,55
1029,59
1030,54
1031,47
1032,59
1033,55
1034,56
1035,55
1036,45
1037,54
1038,51
1039,56
1040,49
1041,54
1042,51
1043,62
1044,55
1045,47
1046,47
1047,62
1048,55
1049,43
1050,60
1051,52
1052,54
1053,49
1054,52
1055,56
1056,54
1057,55
1058,57
1059,50
1060,60
1061,50
1062,60
1063,44
1064,56
1065,54
1066,54
1067,57
1068,60
1069,60
1070,51
1071,53
1072,54
1073,54
1074,60
1075,53
1076,45
1077,52
1078,55
1079,52
1080,48
1081,55
1082,53
1083,52
1084,54
1085,50
1086,53
1087,46
1088,51
1089,56
1090,53
1091,61
1092,50
1093,52
1094,51
1095,58
1096,54
1097,48
1098,54
1099,53
1100,52
1101,51
1102,57
1103,50
1104,54
1105,48
1106,49
1107,54
1108,52
1109,56
1110,53
1111,52
1112,49
1113,62
1114,46
1115,54
1116,52
1117,50
1118,54
1119,59
1120,56
1121,56
1122,46
1123,58
1124,60
1125,52
1126,56
1127,51
1128,48
1129,54
1130,45
1131,53
1132,48
1133,53
1134,50
1135,53
1136,54
1137,52
1138,54
1139,56
1140,53
1141,58
1142,48
1143,58
1144,58
1145,48
1146,54
1147,50
1148,51
1149,56
1150,52
1151,56
1152,58
1153,53
1154,54
1155,56
1156,50
1157,52
1158,45
1159,48
1160,59
1161,58
1162,55
1163,56
1164,52
1165,56
1166,54
1167,59
1168,52
1169,44
1170,49
1171,54
1172,52
1173,51
1174,53
1175,50
1176,46
1177,51
1178,51
1179,48
1180,59
1181,56
1182,51
1183,54
1184,48
1185,58
1186,59
1187,48
1188,45
1189,50
1190,44
1191,44
1192,58
1193,48
1194,48
1195,52
1196,58
1197,51
1198,53
1199,51
1200,53
1201,55
1202,47
1203,57
1204,52
1205,50
1206,55
1207,51
1208,50
1209,58
1210,58
1211,52
1212,49
1213,58
1214,51
1215,46
1216,58
1217,47
1218,60
1219,56
1220,53
1221,58
1222,54
1223,57
1224,56
1225,49
1226,50
1227,53
1228,53
1229,50
1230,53
1231,48
1232,60
1233,48
1234,56
1235,53
1236,52
1237,53
1238,56
1239,55
1240,59
1241,45
1242,53
1243,55
1244,49
1245,51
1246,54
1247,57
1248,56
1249,49
1250,49
1251,50
1252,60
1253,55
1254,52
1255,52
1256,48
1257,46
1258,52
1259,60
1260,54
1261,51
1262,43
1263,52
1264,51
1265,53
1266,49
1267,52
1268,49
1269,51
1270,54
1271,51
1272,58
1273,56
1274,52
1275,54
1276,57
1277,60
1278,59
1279,56
1280,52
1281,47
1282,53
1283,54
1284,53
1285,52
1286,51
1287,54
1288,55
1289,52
1290,44
1291,54
1292,50
1293,58
1294,43
1295,56
1296,50
1297,51
1298,49
1299,47
1300,55
1301,54
1302,47
1303,56
1304,52
1305,51
1306,48
1307,53
1308,47
1309,53
1310,51
1311,48
1312,45
1313,46
1314,50
1315,50
1316,58
1317,58
1318,51
1319,52
1320,54
1321,51
1322,51
1323,53
1324,58
1325,58
1326,54
1327,51
1328,45
1329,50
1330,50
1331,53
1332,57
1333,54
1334,58
1335,58
1336,55
1337,52
1338,50
1339,44
1340,51
1341,53
1342,52
1343,51
1344,55
1345,58
1346,56
1347,46
1348,48
1349,58
1350,53
1351,52
1352,48
1353,47
1354,54
1355,49
1356,50
1357,49
1358,60
1359,45
1360,54
1361,55
1362,59
1363,52
1364,49
1365,45
1366,51
1367,46
1368,56
1369,52
1370,53
1371,54
1372,54
1373,50
1374,51
1375,51
1376,51
1377,46
1378,51
1379,53
1380,56
1381,53
1382,58
1383,45
1384,43
1385,58
1386,51
1387,51
1388,51
1389,58
1390,58
1391,58
1392,41
1393,51
1394,48
1395,46
1396,54
1397,55
1398,62
1399,53
1400,48
1401,51
1402,58
1403,55
1404,53
1405,51
1406,52
1407,44
1408,56
1409,49
1410,52
1411,54
1412,51
1413,52
1414,56
1415,52
1416,57
1417,56
1418,57
1419,51
1420,55
1421,54
1422,56
1423,58
1424,49
1425,52
1426,47
1427,50
1428,54
1429,54
1430,56
1431,53
1432,60
1433,44
1434,53
1435,53
1436,50
1437,46
1438,49
1439,54
1440,49
1441,56
1442,44
1443,54
1444,52
1445,53
1446,51
1447,59
1448,55
1449,52
1450,41
1451,58
1452,47
1453,48
1454,45
1455,44
1456,52
1457,58
1458,44
1459,49
1460,46
1461,55
1462,46
1463,62
1464,52
1465,51
1466,48
1467,49
1468,52
1469,56
1470,56
1471,53
1472,51
1473,48
1474,55
1475,44
1476,57
1477,55
1478,48
1479,56
1480,56
1481,51
1482,56
1483,45
1484,53
1485,54
1486,54
1487,55
1488,53
1489,43
1490,57
1491,50
1492,50
1493,56
1494,52
1495,55
1496,55
1497,57
1498,53
1499,52
1500,58
1501,44
1502,57
1503,51
1504,53
1505,46
1506,52
1507,56
1508,52
1509,48
1510,50
1511,57
1512,50
1513,53
1514,52
1515,51
1516,56
1517,51
1518,52
1519,56
1520,48
1521,51
1522,55
1523,48
1524,52
1525,52
1526,52
1527,51
1528,55
1529,49
1530,46
1531,52
1532,50
1533,58
1534,44
1535,57
1536,52
1537,50
1538,51
1539,54
1540,62
1541,51
1542,47
1543,60
1544,56
1545,51
1546,52
1547,49
1548,54
1549,47
1550,54
1551,58
1552,57
1553,51
1554,53
1555,55
1556,58
1557,44
1558,53
1559,52
1560,56
1561,56
1562,48
1563,51
1564,49
1565,47
1566,51
1567,49
1568,49
1569,50
1570,53
1571,54
1572,51
1573,45
1574,54
1575,55
1576,54
1577,49
1578,60
1579,51
1580,49
1581,51
1582,47
1583,48
1584,54
1585,54
1586,55
1587,56
1588,58
1589,50
1590,50
1591,51
1592,52
1593,48
1594,47
1595,60
1596,59
1597,50
1598,51
1599,54
1600,53
1601,60
1602,50
1603,57
1604,53
1605,45
1606,54
1607,50
1608,45
1609,54
1610,45
1611,53
1612,51
1613,56
1614,53
1615,50
1616,51
1617,58
1618,52
1619,52
1620,51
1621,54
1622,54
1623,48
1624,53
1625,56
1626,52
1627,53
1628,53
1629,54
1630,54
1631,55
1632,53
1633,50
1634,54
1635,53
1636,51
1637,54
1638,48
1639,49
1640,53
1641,51
1642,54
1643,56
1644,57
1645,52
1646,57
1647,52
1648,58
1649,57
1650,52
1651,52
1652,51
1653,50
1654,53
1655,54
1656,55
1657,48
1658,55
1659,46
1660,51
1661,52
1662,45
1663,51
1664,54
1665,56
1666,50
1667,51
1668,55
1669,54
1670,53
1671,50
1672,50
1673,57
1674,57
1675,54
1676,53
1677,58
1678,53
1679,48
1680,49
1681,54
1682,51
1683,54
1684,51
1685,44
1686,48
1687,48
1688,54
1689,52
1690,54
1691,59
1692,50
1693,58
1694,48
1695,53
1696,47
1697,53
1698,53
1699,43
1700,52
1701,58
1702,46
1703,50
1704,50
1705,62
1706,56
1707,52
1708,54
1709,52
1710,52
1711,46
1712,53
1713,54
1714,56
1715,56
1716,49
1717,53
1718,49
1719,55
1720,58
1721,58
1722,57
1723,53
1724,54
1725,56
1726,52
1727,54
1728,58
1729,56
1730,58
1731,52
1732,53
1733,54
1734,54
1735,44
1736,58
1737,52
1738,48
1739,48
1740,58
1741,53
1742,55
1743,54
1744,57
1745,60
1746,53
1747,53
1748,58
1749,57
1750,48
1751,53
1752,53
1753,55
1754,51
1755,55
1756,58
1757,60
1758,55
1759,50
1760,46
1761,42
1762,43
1763,56
1764,52
1765,51
1766,55
1767,51
1768,47
1769,50
1770,53
1771,51
1772,55
1773,51
1774,58
1775,60
1776,58
1777,49
1778,54
1779,58
1780,52
1781,53
1782,39
1783,49
1784,42
1785,52
1786,56
1787,45
1788,45
1789,52
1790,51
1791,53
1792,50
1793,51
1794,56
1795,52
1796,53
1797,55
1798,53
1799,49
1800,52
1801,50
1802,54
1803,54
1804,48
1805,58
1806,46
1807,50
1808,51
1809,54
1810,50
1811,60
1812,52
1813,55
1814,51
1815,51
1816,50
1817,52
1818,56
1819,50
1820,56
1821,57
1822,48
1823,49
1824,53
1825,49
1826,54
1827,55
1828,55
1829,57
1830,48
1831,51
1832,50
1833,51
1834,51
1835,53
1836,50
1837,50
1838,50
1839,48
1840,51
1841,51
1842,53
1843,50
1844,58
1845,47
1846,46
1847,54
1848,51
1849,56
1850,55
1851,58
1852,52
1853,49
1854,58
1855,54
1856,40
1857,48
1858,56
1859,56
1860,51
1861,60
1862,57
1863,51
1864,51
1865,46
1866,49
1867,56
1868,52
1869,53
1870,51
1871,51
1872,51
1873,47
1874,51
1875,55
1876,56
1877,51
1878,50
1879,52
1880,50
1881,51
1882,53
1883,45
1884,46
1885,50
1886,55
1887,52
1888,60
1889,53
1890,44
1891,53
1892,51
1893,53
1894,53
1895,56
1896,42
1897,52
1898,57
1899,52
1900,60
1901,51
1902,50
1903,54
1904,55
1905,52
1906,54
1907,55
1908,46
1909,54
1910,52
1911,58
1912,57
1913,51
1914,54
1915,54
1916,57
1917,52
1918,54
1919,56
1920,51
1921,49
1922,57
1923,46
1924,50
1925,60
1926,47
1927,44
1928,54
1929,53
1930,53
1931,51
1932,48
1933,59
1934,49
1935,57
1936,53
1937,51
1938,53
1939,53
1940,57
1941,53
1942,58
1943,49
1944,56
1945,52
1946,56
1947,48
1948,56
1949,53
1950,47
1951,45
1952,53
1953,53
1954,54
1955,57
1956,54
1957,49
1958,49
1959,57
1960,55
1961,54
1962,57
1963,56
1964,54
1965,56
1966,59
1967,53
1968,58
1969,56
1970,60
1971,56
1972,52
1973,50
1974,52
1975,56
1976,51
1977,55
1978,54
1979,57
1980,49
1981,54
1982,47
1983,57
1984,53
1985,51
1986,50
1987,49
1988,52
1989,54
1990,44
1991,52
1992,54
1993,47
1994,58
1995,51
1996,57
1997,55
1998,51
1999,53
2000,53
2001,55
2002,59
2003,54
2004,53
2005,55
2006,45
2007,48
2008,49
2009,51
2010,47
2011,50
2012,51
2013,54
2014,60
2015,43
2016,47
2017,57
2018,50
2019,60
2020,53
2021,54
2022,54
2023,57
2024,49
2025,48
2026,50
2027,50
2028,53
2029,45
2030,51
2031,55
2032,57
2033,47
2034,51
2035,53
2036,51
2037,55
2038,52
2039,58
2040,50
2041,55
2042,53
2043,51
2044,57
2045,55
2046,51
2047,55
2048,54
2049,49
2050,58
2051,58
2052,55
2053,52
2054,49
2055,51
2056,53
2057,52
2058,47
2059,51
2060,51
2061,60
2062,53
2063,53
2064,53
2065,55
2066,56
2067,49
2068,47
2069,56
2070,56
2071,52
2072,57
2073,41
2074,54
2075,43
2076,54
2077,49
2078,45
2079,56
2080,52
2081,53
2082,49
2083,54
2084,53
2085,44
2086,47
2087,51
2088,48
2089,60
2090,50
2091,52
2092,50
2093,49
2094,43
2095,48
2096,45
2097,50
2098,62
2099,58
2100,52
2101,52
2102,56
2103,52
2104,50
2105,45
2106,54
2107,50
2108,52
2109,51
2110,52
2111,53
2112,52
2113,55
2114,53
2115,53
2116,55
2117,47
2118,51
2119,56
2120,51
2121,49
2122,57
2123,53
2124,60
2125,53
2126,51
2127,54
2128,48
2129,53
2130,51
2131,54
2132,56
2133,54
2134,50
2135,51
2136,58
2137,50
2138,54
2139,55
2140,50
2141,50
2142,46
2143,47
2144,44
2145,48
2146,55
2147,54
2148,56
2149,62
2150,57
2151,53
2152,50
2153,54
2154,54
2155,52
2156,55
2157,60
2158,44
2159,57
2160,45
2161,47
2162,57
2163,60
2164,47
2165,50
2166,53
2167,54
2168,49
2169,56
2170,47
2171,50
2172,48
2173,53
2174,52
2175,57
2176,43
2177,52
2178,49
2179,56
2180,53
2181,48
2182,58
2183,50
2184,59
2185,53
2186,57
2187,45
2188,49
2189,52
2190,50
2191,48
2192,52
2193,47
2194,55
2195,59
2196,50
2197,53
2198,57
2199,55
2200,53
2201,49
2202,46
2203,62
2204,58
2205,62
2206,50
2207,53
2208,51
2209,53
2210,53
2211,54
2212,46
2213,54
2214,54
2215,55
2216,51
2217,54
2218,52
2219,52
2220,38
2221,52
2222,52
2223,49
2224,46
2225,54
2226,50
2227,54
2228,48
2229,51
2230,60
2231,51
2232,51
2233,53
2234,57
2235,57
2236,44
2237,53
2238,50
2239,50
2240,54
2241,43
2242,56
2243,54
2244,56
2245,58
2246,38
2247,47
2248,58
2249,54
2250,51
2251,54
2252,53
2253,54
2254,51
2255,47
2256,53
2257,48
2258,56
2259,51
2260,56
2261,55
2262,55
2263,45
2264,47
2265,58
2266,48
2267,51
2268,51
2269,54
2270,51
2271,51
2272,45
2273,54
2274,53
2275,54
2276,54
2277,52
2278,48
2279,50
2280,45
2281,53
2282,45
2283,55
2284,57
2285,54
2286,54
2287,49
2288,53
2289,39
2290,57
2291,55
2292,55
2293,53
2294,54
2295,54
2296,49
2297,47
2298,56
2299,53
2300,64
2301,58
2302,42
2303,54
2304,54
2305,57
2306,55
2307,56
2308,55
2309,59
2310,51
2311,51
2312,55
2313,53
2314,55
2315,49
2316,56
2317,52
2318,56
2319,53
2320,62
2321,58
2322,54
2323,49
2324,58
2325,50
2326,56
2327,56
2328,53
2329,48
2330,56
2331,45
2332,48
2333,54
2334,46
2335,57
2336,53
2337,54
2338,49
2339,60
2340,49
2341,53
2342,51
2343,55
2344,51
2345,50
2346,53
2347,53
2348,54
2349,44
2350,52
2351,48
2352,58
2353,53
2354,52
2355,54
2356,54
2357,53
2358,55
2359,58
2360,52
2361,49
2362,50
2363,58
2364,54
2365,56
2366,41
2367,51
2368,52
2369,54
2370,48
2371,60
2372,49
2373,54
2374,46
2375,54
2376,51
2377,55
2378,45
2379,48
2380,51
2381,57
2382,53
2383,45
2384,56
2385,53
2386,44
2387,53
2388,48
2389,54
2390,51
2391,53
2392,53
2393,55
2394,57
2395,44
2396,60
2397,58
2398,54
2399,50
2400,50
2401,46
2402,44
2403,49
2404,52
2405,59
2406,48
2407,55
2408,49
2409,51
2410,51
2411,48
2412,52
2413,48
2414,58
2415,54
2416,53
2417,52
2418,54
2419,54
2420,52
2421,56
2422,54
2423,44
2424,58
2425,51
2426,52
2427,50
2428,60
2429,55
2430,60
2431,53
2432,48
2433,48
2434,52
2435,47
2436,47
2437,46
2438,51
2439,53
2440,51
2441,56
2442,51
2443,54
2444,60
2445,60
2446,55
2447,55
2448,52
2449,52
2450,51
2451,58
2452,54
2453,51
2454,46
2455,47
2456,54
2457,49
2458,50
2459,56
2460,46
2461,46
2462,53
2463,57
2464,51
2465,48
2466,48
2467,45
2468,51
2469,52
2470,51
2471,52
2472,50
2473,52
2474,58
2475,58
2476,54
2477,50
2478,52
2479,52
2480,56
2481,46
2482,51
2483,44
2484,48
2485,57
2486,48
2487,53
2488,49
2489,57
2490,58
2491,50
2492,44
2493,50
2494,41
2495,50
2496,55
2497,40
2498,51
2499,52
2500,57
2501,58
2502,48
2503,54
2504,54
2505,54
2506,54
2507,51
2508,58
2509,56
2510,54
2511,51
2512,51
2513,59
2514,55
2515,53
2516,52
2517,53
2518,53
2519,48
2520,51
2521,58
2522,55
2523,42
2524,49
2525,55
2526,52
2527,53
2528,53
2529,41
2530,52
2531,51
2532,56
2533,45
2534,60
2535,51
2536,47
2537,52
2538,45
2539,57
2540,58
2541,53
2542,53
2543,51
2544,53
2545,54
2546,47
2547,51
2548,48
2549,49
2550,56
2551,44
2552,55
2553,55
2554,57
2555,52
2556,38
2557,52
2558,53
2559,49
2560,51
2561,44
2562,54
2563,50
2564,50
2565,51
2566,45
2567,56
2568,50
2569,51
2570,52
2571,50
2572,56
2573,48
2574,57
2575,52
2576,55
2577,48
2578,57
2579,54
2580,51
2581,43
2582,54
2583,43
2584,53
2585,47
2586,48
2587,53
2588,53
2589,56
2590,56
2591,56
2592,50
2593,54
2594,50
2595,50
2596,55
2597,58
2598,53
2599,53
2600,48
2601,52
2602,51
2603,44
2604,55
2605,52
2606,48
2607,55
2608,60
2609,56
2610,53
2611,53
2612,54
2613,54
2614,52
2615,55
2616,52
2617,53
2618,49
2619,53
2620,51
2621,52
2622,56
2623,51
2624,51
2625,46
2626,60
2627,50
2628,45
2629,54
2630,48
2631,52
2632,53
2633,48
2634,50
2635,48
2636,48
2637,54
2638,47
2639,54
2640,48
2641,51
2642,54
2643,54
2644,53
2645,50
2646,45
2647,52
2648,50
2649,50
2650,52
2651,56
2652,56
2653,53
2654,53
2655,49
2656,55
2657,51
2658,57
2659,50
2660,50
2661,54
2662,60
2663,53
2664,53
2665,44
2666,49
2667,54
2668,51
2669,50
2670,53
2671,47
2672,52
2673,52
2674,55
2675,50
2676,58
2677,55
2678,57
2679,57
2680,42
2681,47
2682,53
2683,58
2684,52
2685,52
2686,54
2687,60
2688,52
2689,56
2690,54
2691,50
2692,48
2693,60
2694,45
2695,66
2696,51
2697,53
2698,47
2699,52
2700,46
2701,57
2702,50
2703,46
2704,54
2705,59
2706,45
2707,41
2708,54
2709,52
2710,53
2711,51
2712,52
2713,55
2714,52
2715,50
2716,52
2717,60
2718,54
2719,58
2720,57
2721,49
2722,47
2723,48
2724,56
2725,53
2726,53
2727,54
2728,43
2729,53
2730,54
2731,59
2732,57
2733,51
2734,55
2735,56
2736,58
2737,50
2738,46
2739,51
2740,54
2741,53
2742,50
2743,52
2744,57
2745,47
2746,52
2747,48
2748,54
2749,54
2750,50
2751,54
2752,55
2753,60
2754,60
2755,53
2756,47
2757,51
2758,54
2759,49
2760,56
2761,58
2762,56
2763,51
2764,53
2765,58
2766,60
2767,56
2768,57
2769,52
2770,51
2771,54
2772,49
2773,51
2774,51
2775,55
2776,48
2777,56
2778,50
2779,53
2780,54
2781,57
2782,54
2783,47
2784,48
2785,52
2786,51
2787,53
2788,48
2789,52
2790,53
2791,51
2792,51
2793,52
2794,56
2795,50
2796,50
2797,54
2798,54
2799,56
2800,47
2801,51
2802,58
2803,53
2804,52
2805,44
2806,58
2807,54
2808,53
2809,52
2810,50
2811,50
2812,54
2813,55
2814,56
2815,55
2816,53
2817,59
2818,57
2819,52
2820,55
2821,54
2822,53
2823,53
2824,46
2825,48
2826,58
2827,54
2828,53
2829,53
2830,60
2831,55
2832,53
2833,48
2834,60
2835,56
2836,51
2837,52
2838,52
2839,48
2840,50
2841,53
2842,57
2843,50
2844,57
2845,52
2846,50
2847,55
2848,58
2849,48
2850,51
2851,52
2852,52
2853,50
2854,51
2855,48
2856,56
2857,52
2858,53
2859,55
2860,55
2861,56
2862,46
2863,51
2864,62
2865,43
2866,47
2867,50
2868,55
2869,53
2870,55
2871,52
2872,57
2873,54
2874,54
2875,54
2876,50
2877,53
2878,54
2879,52
2880,56
2881,54
2882,53
2883,43
2884,50
2885,55
2886,50
2887,47
2888,46
2889,52
2890,53
2891,51
2892,56
2893,47
2894,41
2895,52
2896,46
2897,50
2898,53
2899,50
2900,49
2901,52
2902,53
2903,45
2904,54
2905,45
2906,53
2907,50
2908,57
2909,50
2910,53
2911,50
2912,51
2913,51
2914,56
2915,56
2916,57
2917,50
2918,52
2919,53
2920,48
2921,55
2922,49
2923,60
2924,54
2925,54
2926,54
2927,54
2928,53
2929,52
2930,52
2931,53
2932,53
2933,53
2934,52
2935,48
2936,53
2937,53
2938,57
2939,52
2940,51
2941,42
2942,55
2943,60
2944,53
2945,50
2946,51
2947,48
2948,55
2949,50
2950,56
2951,55
2952,60
2953,54
2954,49
2955,58
2956,56
2957,50
2958,59
2959,57
2960,54
2961,52
2962,46
2963,56
2964,53
2965,56
2966,45
2967,50
2968,54
2969,46
2970,45
2971,52
2972,47
2973,58
2974,35
2975,55
2976,52
2977,58
2978,60
2979,50
2980,54
2981,54
2982,52
2983,50
2984,46
2985,55
2986,56
2987,56
2988,54
2989,53
2990,55
2991,54
2992,59
2993,55
2994,47
2995,55
2996,44
2997,56
2998,54
2999,49
3000,57
3001,49
3002,54
3003,58
3004,48
3005,46
3006,57
3007,58
3008,58
3009,51
3010,52
3011,55
3012,58
3013,47
3014,56
3015,51
3016,58
3017,57
3018,59
3019,54
3020,54
3021,54
3022,45
3023,53
3024,51
3025,52
3026,53
3027,62
3028,48
3029,58
3030,47
3031,60
3032,55
3033,54
3034,60
3035,53
3036,55
3037,51
3038,50
3039,59
3040,49
3041,56
3042,51
3043,54
3044,52
3045,48
3046,54
3047,53
3048,51
3049,47
3050,46
3051,53
3052,53
3053,55
3054,51
3055,52
3056,52
3057,49
3058,53
3059,57
3060,55
3061,50
3062,50
3063,53
3064,56
3065,58
3066,51
3067,57
3068,57
3069,51
3070,54
3071,59
3072,55
3073,50
3074,50
3075,50
3076,48
3077,58
3078,56
3079,60
3080,43
3081,56
3082,58
3083,46
3084,43
3085,48
3086,55
3087,56
3088,53
3089,51
3090,52
3091,54
3092,48
3093,50
3094,55
3095,55
3096,54
3097,54
3098,54
3099,58
3100,58
3101,47
3102,53
3103,52
3104,51
3105,57
3106,49
3107,49
3108,48
3109,52
3110,54
3111,54
3112,52
3113,60
3114,54
3115,51
3116,53
3117,55
3118,52
3119,48
3120,54
3121,56
3122,57
3123,53
3124,47
3125,52
3126,52
3127,53
3128,58
3129,60
3130,54
3131,53
3132,51
3133,48
3134,49
3135,50
3136,60
3137,60
3138,47
3139,54
3140,47
3141,53
3142,49
3143,56
3144,53
3145,45
3146,51
3147,47
3148,49
3149,56
3150,49
3151,52
3152,54
3153,57
3154,46
3155,45
3156,56
3157,45
3158,44
3159,54
3160,46
3161,43
3162,55
3163,55
3164,51
3165,57
3166,56
3167,50
3168,50
3169,52
3170,49
3171,56
3172,56
3173,60
3174,53
3175,52
3176,56
3177,50
3178,52
3179,50
3180,56
3181,57
3182,49
3183,58
3184,55
3185,45
3186,53
3187,56
3188,49
3189,56
3190,52
3191,56
3192,49
3193,56
3194,54
3195,55
3196,48
3197,60
3198,51
3199,54
3200,50
3201,58
3202,55
3203,51
3204,57
3205,51
3206,58
3207,53
3208,57
3209,58
3210,51
3211,60
3212,51
3213,50
3214,50
3215,50
3216,53
3217,53
3218,42
3219,51
3220,45
3221,52
3222,50
3223,53
3224,53
3225,55
3226,53
3227,50
3228,47
3229,60
3230,55
3231,57
3232,52
3233,52
3234,46
3235,53
3236,57
3237,60
3238,44
3239,48
3240,54
3241,56
3242,53
3243,54
3244,54
3245,52
3246,60
3247,51
3248,46
3249,55
3250,53
3251,44
3252,46
3253,53
3254,53
3255,52
3256,58
3257,57
3258,54
3259,46
3260,49
3261,58
3262,51
3263,49
3264,47
3265,51
3266,57
3267,59
3268,58
3269,54
3270,57
3271,61
3272,58
3273,50
3274,43
3275,58
3276,45
3277,50
3278,53
3279,53
3280,47
3281,50
3282,58
3283,43
3284,56
3285,44
3286,56
3287,53
3288,58
3289,59
3290,55
3291,49
3292,59
3293,47
3294,45
3295,54
3296,47
3297,54
3298,52
3299,53
3300,54
3301,57
3302,44
3303,54
3304,56
3305,56
3306,52
3307,55
3308,48
3309,45
3310,54
3311,49
3312,52
3313,57
3314,45
3315,56
3316,50
3317,50
3318,51
3319,52
3320,53
3321,51
3322,52
3323,46
3324,56
3325,52
3326,53
3327,51
3328,47
3329,52
3330,57
3331,56
3332,58
3333,46
3334,53
3335,49
3336,58
3337,50
3338,58
3339,53
3340,50
3341,51
3342,51
3343,45
3344,53
3345,49
3346,52
3347,57
3348,53
3349,54
3350,53
3351,54
3352,47
3353,48
3354,51
3355,45
3356,51
3357,53
3358,53
3359,60
3360,50
3361,49
3362,51
3363,54
3364,51
3365,54
3366,54
3367,58
3368,59
3369,58
3370,54
3371,44
3372,52
3373,55
3374,58
3375,47
3376,52
3377,48
3378,55
3379,55
3380,48
3381,58
3382,44
3383,54
3384,44
3385,58
3386,50
3387,58
3388,46
3389,47
3390,57
3391,55
3392,54
3393,45
3394,51
3395,48
3396,54
3397,60
3398,53
3399,54
3400,52
3401,51
3402,54
3403,48
3404,58
3405,51
3406,48
3407,54
3408,53
3409,50
3410,49
3411,54
3412,48
3413,58
3414,51
3415,57
3416,53
3417,60
3418,54
3419,51
3420,46
3421,51
3422,58
3423,53
3424,50
3425,48
3426,45
3427,52
3428,51
3429,48
3430,52
3431,49
3432,47
3433,54
3434,53
3435,53
3436,51
3437,51
3438,48
3439,50
3440,54
3441,54
3442,47
3443,58
3444,52
3445,54
3446,53
3447,51
3448,53
3449,51
3450,51
3451,52
3452,46
3453,52
3454,47
3455,53
3456,53
3457,56
3458,54
3459,51
3460,56
3461,58
3462,56
3463,53
3464,52
3465,51
3466,52
3467,57
3468,55
3469,52
3470,49
3471,59
3472,48
3473,52
3474,57
3475,52
3476,53
3477,53
3478,58
3479,53
3480,47
3481,50
3482,50
3483,54
3484,52
3485,50
3486,52
3487,49
3488,56
3489,53
3490,50
3491,53
3492,54
3493,58
3494,51
3495,53
3496,54
3497,53
3498,57
3499,51
3500,55
3501,52
3502,53
3503,48
3504,54
3505,57
3506,51
3507,61
3508,52
3509,60
3510,50
3511,58
3512,55
3513,54
3514,58
3515,61
3516,54
3517,50
3518,53
3519,58
3520,52
3521,44
3522,49
3523,51
3524,49
3525,51
3526,50
3527,54
3528,53
3529,52
3530,58
3531,47
3532,48
3533,54
3534,53
3535,59
3536,54
3537,53
3538,55
3539,54
3540,56
3541,53
3542,51
3543,42
3544,54
3545,45
3546,52
3547,57
3548,54
3549,43
3550,39
3551,58
3552,57
3553,53
3554,53
3555,53
3556,51
3557,47
3558,46
3559,50
3560,47
3561,50
3562,53
3563,58
3564,54
3565,48
3566,51
3567,53
3568,51
3569,55
3570,54
3571,51
3572,50
3573,56
3574,47
3575,52
3576,54
3577,53
3578,57
3579,54
3580,58
3581,48
3582,48
3583,46
3584,51
3585,49
3586,54
3587,55
3588,54
3589,58
3590,58
3591,52
3592,53
3593,52
3594,47
3595,52
3596,57
3597,51
3598,60
3599,46
3600,54
3601,53
3602,55
3603,45
3604,52
3605,56
3606,48
3607,54
3608,58
3609,51
3610,51
3611,53
3612,48
3613,45
3614,50
3615,55
3616,51
3617,51
3618,50
3619,51
3620,47
3621,52
3622,58
3623,51
3624,51
3625,50
3626,50
3627,51
3628,45
3629,57
3630,47
3631,52
3632,50
3633,62
3634,44
3635,55
3636,51
3637,58
3638,53
3639,58
3640,56
3641,53
3642,42
3643,48
3644,51
3645,57
3646,60
3647,53
3648,56
3649,54
3650,51
3651,60
3652,52
3653,53
3654,50
3655,53
3656,53
3657,57
3658,55
3659,51
3660,56
3661,50
3662,53
3663,49
3664,54
3665,52
3666,50
3667,53
3668,50
3669,59
3670,52
3671,57
3672,49
3673,51
3674,50
3675,53
3676,54
3677,51
3678,54
3679,48
3680,53
3681,51
3682,54
3683,48
3684,59
3685,41
3686,42
3687,52
3688,51
3689,50
3690,50
3691,54
3692,55
3693,50
3694,52
3695,48
3696,45
3697,48
3698,45
3699,49
3700,55
3701,48
3702,56
3703,53
3704,51
3705,58
3706,48
3707,49
3708,56
3709,51
3710,45
3711,46
3712,50
3713,50
3714,56
3715,53
3716,54
3717,48
3718,57
3719,50
3720,54
3721,48
3722,50
3723,51
3724,55
3725,56
3726,53
3727,52
3728,58
3729,47
3730,60
3731,50
3732,52
3733,51
3734,53
3735,60
3736,52
3737,52
3738,50
3739,58
3740,52
3741,51
3742,50
3743,57
3744,52
3745,53
3746,45
3747,56
3748,52
3749,46
3750,54
3751,59
3752,51
3753,54
3754,53
3755,54
3756,53
3757,50
3758,55
3759,53
3760,50
3761,60
3762,60
3763,47
3764,54
3765,52
3766,52
3767,55
3768,49
3769,54
3770,54
3771,51
3772,53
3773,50
3774,48
3775,57
3776,54
3777,51
3778,41
3779,54
3780,51
3781,55
3782,52
3783,56
3784,55
3785,49
3786,49
3787,58
3788,42
3789,48
3790,52
3791,51
3792,53
3793,47
3794,54
3795,51
3796,54
3797,53
3798,55
3799,57
3800,53
3801,48
3802,51
3803,62
3804,54
3805,44
3806,52
3807,51
3808,54
3809,51
3810,56
3811,55
3812,55
3813,47
3814,53
3815,41
3816,53
3817,49
3818,53
3819,46
3820,54
3821,53
3822,56
3823,51
3824,51
3825,53
3826,60
3827,60
3828,57
3829,57
3830,53
3831,54
3832,52
3833,48
3834,56
3835,60
3836,50
3837,57
3838,48
3839,48
3840,60
3841,53
3842,52
3843,56
3844,44
3845,52
3846,53
3847,57
3848,53
3849,60
3850,44
3851,52
3852,57
3853,54
3854,44
3855,55
3856,52
3857,57
3858,54
3859,45
3860,52
3861,46
3862,52
3863,51
3864,58
3865,50
3866,50
3867,46
3868,50
3869,52
3870,47
3871,45
3872,57
3873,48
3874,47
3875,51
3876,53
3877,56
3878,49
3879,47
3880,58
3881,58
3882,54
3883,53
3884,52
3885,53
3886,50
3887,50
3888,53
3889,47
3890,50
3891,54
3892,53
3893,47
3894,54
3895,53
3896,48
3897,52
3898,46
3899,52
3900,57
3901,51
3902,48
3903,58
3904,46
3905,53
3906,60
3907,54
3908,51
3909,56
3910,51
3911,54
3912,53
3913,53
3914,53
3915,55
3916,51
3917,56
3918,52
3919,48
3920,51
3921,54
3922,48
3923,54
3924,50
3925,54
3926,52
3927,46
3928,51
3929,53
3930,41
3931,53
3932,58
3933,51
3934,53
3935,56
3936,57
3937,52
3938,51
3939,54
3940,48
3941,57
3942,54
3943,51
3944,50
3945,58
3946,50
3947,52
3948,57
3949,46
3950,52
3951,58
3952,54
3953,56
3954,51
3955,58
3956,44
3957,52
3958,50
3959,54
3960,56
3961,51
3962,51
3963,49
3964,54
3965,45
3966,58
3967,51
3968,52
3969,58
3970,53
3971,53
3972,53
3973,52
3974,49
3975,50
3976,57
3977,53
3978,48
3979,51
3980,58
3981,51
3982,57
3983,49
3984,56
3985,51
3986,50
3987,52
3988,50
3989,51
3990,57
3991,55
3992,53
3993,57
3994,56
3995,54
3996,43
3997,50
3998,44
3999,57
4000,45
4001,50
4002,55
4003,53
4004,52
4005,54
4006,53
4007,53
4008,55
4009,54
4010,55
4011,50
4012,57
4013,52
4014,46
4015,50
4016,49
4017,48
4018,42
4019,56
4020,53
4021,54
4022,58
4023,52
4024,59
4025,54
4026,56
4027,51
4028,51
4029,57
4030,49
4031,49
4032,54
4033,53
4034,51
4035,47
4036,54
4037,54
4038,56
4039,51
4040,56
4041,45
4042,49
4043,51
4044,56
4045,49
4046,47
4047,55
4048,53
4049,56
4050,50
4051,50
4052,48
4053,47
4054,48
4055,55
4056,57
4057,47
4058,51
4059,51
4060,60
4061,47
4062,45
4063,48
4064,47
4065,54
4066,60
4067,60
4068,50
4069,55
4070,61
4071,55
4072,58
4073,54
4074,47
4075,58
4076,59
4077,51
4078,53
4079,54
4080,53
4081,47
4082,49
4083,54
4084,60
4085,56
4086,58
4087,47
4088,53
4089,60
4090,51
4091,58
4092,50
4093,53
4094,56
4095,59
4096,55
4097,60
4098,51
4099,58
4100,55
4101,56
4102,49
4103,51
4104,43
4105,53
4106,49
4107,54
4108,52
4109,53
4110,53
4111,48
4112,57
4113,54
4114,54
4115,50
4116,53
4117,54
4118,48
4119,56
4120,56
4121,53
4122,48
4123,49
4124,50
4125,53
4126,56
4127,57
4128,51
4129,51
4130,41
4131,60
4132,52
4133,49
4134,53
4135,54
4136,58
4137,54
4138,54
4139,52
4140,49
4141,50
4142,53
4143,47
4144,53
4145,57
4146,50
4147,58
4148,57
4149,51
4150,51
4151,58
4152,58
4153,58
4154,58
4155,57
4156,52
4157,51
4158,53
4159,53
4160,49
4161,53
4162,53
4163,60
4164,54
4165,45
4166,48
4167,47
4168,54
4169,52
4170,54
4171,54
4172,51
4173,50
4174,54
4175,53
4176,53
4177,53
4178,60
4179,55
4180,46
4181,52
4182,52
4183,46
4184,48
4185,48
4186,46
4187,55
4188,53
4189,55
4190,48
4191,49
4192,55
4193,54
4194,44
4195,50
4196,51
4197,53
4198,59
4199,57
4200,58
4201,52
4202,55
4203,57
4204,55
4205,47
4206,54
4207,51
4208,50
4209,51
4210,54
4211,47
4212,54
4213,54
4214,51
4215,54
4216,55
4217,58
4218,54
4219,49
4220,52
4221,56
4222,58
4223,51
4224,47
4225,53
4226,53
4227,51
4228,51
4229,44
4230,51
4231,57
4232,50
4233,54
4234,51
4235,48
4236,54
4237,53
4238,47
4239,56
4240,48
4241,42
4242,55
4243,51
4244,52
4245,54
4246,53
4247,50
4248,51
4249,62
4250,52
4251,51
4252,51
4253,54
4254,52
4255,56
4256,54
4257,49
4258,51
4259,53
4260,51
4261,50
4262,60
4263,48
4264,56
4265,60
4266,55
4267,55
4268,58
4269,49
4270,53
4271,53
4272,55
4273,56
4274,48
4275,54
4276,53
4277,42
4278,53
4279,56
4280,53
4281,53
4282,48
4283,52
4284,61
4285,51
4286,53
4287,54
4288,60
4289,49
4290,55
4291,57
4292,56
4293,48
4294,56
4295,48
4296,54
4297,51
4298,50
4299,53
4300,46
4301,58
4302,47
4303,54
4304,52
4305,51
4306,53
4307,55
4308,48
4309,54
4310,54
4311,50
4312,53
4313,52
4314,51
4315,53
4316,52
4317,52
4318,45
4319,54
4320,52
4321,43
4322,55
4323,46
4324,54
4325,57
4326,54
4327,49
4328,53
4329,53
4330,48
4331,58
4332,54
4333,56
4334,48
4335,54
4336,54
4337,56
4338,50
4339,56
4340,59
4341,53
4342,50
4343,52
4344,54
4345,51
4346,52
4347,58
4348,51
4349,53
4350,54
4351,51
4352,50
4353,47
4354,48
4355,54
4356,56
4357,51
4358,48
4359,49
4360,53
4361,54
4362,52
4363,58
4364,55
4365,53
4366,52
4367,53
4368,48
4369,44
4370,52
4371,54
4372,62
4373,54
4374,53
4375,48
4376,58
4377,53
4378,52
4379,54
4380,53
4381,53
4382,55
4383,49
4384,54
4385,51
4386,55
4387,50
4388,59
4389,49
4390,51
4391,42
4392,53
4393,52
4394,53
4395,54
4396,52
4397,56
4398,57
4399,54
4400,50
4401,50
4402,58
4403,57
4404,58
4405,51
4406,49
4407,53
4408,58
4409,54
4410,54
4411,53
4412,49
4413,60
4414,53
4415,51
4416,49
4417,51
4418,54
4419,54
4420,50
4421,51
4422,47
4423,51
4424,48
4425,48
4426,61
4427,46
4428,48
4429,47
4430,48
4431,50
4432,53
4433,53
4434,47
4435,48
4436,47
4437,48
4438,58
4439,53
4440,52
4441,51
4442,44
4443,59
4444,50
4445,43
4446,53
4447,51
4448,54
4449,59
4450,37
4451,50
4452,51
4453,57
4454,44
4455,51
4456,53
4457,58
4458,51
4459,47
4460,45
4461,50
4462,50
4463,56
4464,53
4465,49
4466,56
4467,57
4468,43
4469,57
4470,54
4471,54
4472,56
4473,51
4474,48
4475,44
4476,52
4477,45
4478,49
4479,53
4480,50
4481,52
4482,51
4483,55
4484,51
4485,49
4486,50
4487,49
4488,54
4489,60
4490,53
4491,53
4492,48
4493,46
4494,42
4495,48
4496,49
4497,53
4498,50
4499,53
4500,52
4501,54
4502,57
4503,52
4504,58
4505,51
4506,48
4507,54
4508,49
4509,55
4510,52
4511,51
4512,58
4513,57
4514,55
4515,54
4516,50
4517,45
4518,46
4519,51
4520,51
4521,50
4522,51
4523,54
4524,50
4525,46
4526,54
4527,57
4528,52
4529,55
4530,54
4531,54
4532,59
4533,60
4534,48
4535,53
4536,54
4537,52
4538,48
4539,51
4540,53
4541,51
4542,52
4543,54
4544,57
4545,52
4546,50
4547,58
4548,53
4549,57
4550,48
4551,49
4552,51
4553,55
4554,58
4555,54
4556,48
4557,57
4558,51
4559,45
4560,50
4561,53
4562,55
4563,51
4564,50
4565,46
4566,48
4567,55
4568,47
4569,54
4570,57
4571,54
4572,50
4573,57
4574,42
4575,53
4576,52
4577,50
4578,53
4579,48
4580,52
4581,54
4582,53
4583,50
4584,51
4585,54
4586,54
4587,51
4588,58
4589,45
4590,54
4591,52
4592,53
4593,47
4594,51
4595,54
4596,50
4597,56
4598,58
4599,53
4600,54
4601,45
4602,48
4603,55
4604,44
4605,48
4606,51
4607,51
4608,48
4609,52
4610,52
4611,52
4612,59
4613,51
4614,53
4615,59
4616,47
4617,53
4618,53
4619,51
4620,51
4621,52
4622,56
4623,54
4624,45
4625,53
4626,58
4627,55
4628,44
4629,52
4630,55
4631,49
4632,45
4633,45
4634,55
4635,50
4636,52
4637,45
4638,48
4639,54
4640,57
4641,55
4642,53
4643,48
4644,53
4645,56
4646,53
4647,46
4648,46
4649,47
4650,49
4651,49
4652,52
4653,49
4654,53
4655,48
4656,52
4657,53
4658,58
4659,61
4660,47
4661,53
4662,54
4663,52
4664,57
4665,52
4666,54
4667,47
4668,54
4669,54
4670,58
4671,54
4672,52
4673,51
4674,48
4675,51
4676,56
4677,47
4678,51
4679,51
4680,56
4681,37
4682,56
4683,54
4684,51
4685,59
4686,57
4687,46
4688,55
4689,45
4690,53
4691,52
4692,53
4693,54
4694,53
4695,54
4696,60
4697,52
4698,62
4699,50
4700,48
4701,53
4702,52
4703,54
4704,51
4705,44
4706,53
4707,51
4708,52
4709,46
4710,44
4711,51
4712,52
4713,51
4714,57
4715,52
4716,58
4717,45
4718,48
4719,51
4720,58
4721,52
4722,49
4723,51
4724,51
4725,50
4726,46
4727,50
4728,52
4729,53
4730,53
4731,64
4732,55
4733,54
4734,51
4735,55
4736,55
4737,54
4738,62
4739,52
4740,48
4741,52
4742,53
4743,43
4744,49
4745,58
4746,56
4747,54
4748,54
4749,53
4750,49
4751,49
4752,58
4753,53
4754,52
4755,53
4756,51
4757,42
4758,52
4759,46
4760,50
4761,46
4762,48
4763,51
4764,46
4765,51
4766,45
4767,51
4768,52
4769,54
4770,54
4771,56
4772,55
4773,51
4774,52
4775,45
4776,51
4777,49
4778,59
4779,52
4780,49
4781,55
4782,56
4783,56
4784,54
4785,53
4786,53
4787,52
4788,48
4789,53
4790,51
4791,58
4792,53
4793,58
4794,51
4795,55
4796,52
4797,57
4798,53
4799,53
4800,50
4801,50
4802,53
4803,57
4804,49
4805,59
4806,52
4807,55
4808,56
4809,53
4810,52
4811,62
4812,46
4813,53
4814,53
4815,58
4816,54
4817,47
4818,51
4819,50
4820,62
4821,56
4822,53
4823,52
4824,56
4825,49
4826,52
4827,54
4828,52
4829,58
4830,53
4831,54
4832,54
4833,55
4834,55
4835,58
4836,53
4837,44
4838,55
4839,60
4840,59
4841,52
4842,53
4843,53
4844,51
4845,54
4846,47
4847,54
4848,56
4849,58
4850,58
4851,50
4852,48
4853,54
4854,53
4855,52
4856,47
4857,50
4858,53
4859,54
4860,53
4861,54
4862,54
4863,46
4864,57
4865,45
4866,54
4867,47
4868,51
4869,53
4870,47
4871,58
4872,60
4873,47
4874,62
4875,48
4876,53
4877,50
4878,47
4879,58
4880,48
4881,56
4882,52
4883,53
4884,45
4885,55
4886,59
4887,60
4888,54
4889,57
4890,56
4891,52
4892,54
4893,58
4894,46
4895,54
4896,48
4897,51
4898,50
4899,47
4900,51
4901,55
4902,45
4903,52
4904,46
4905,59
4906,53
4907,54
4908,50
4909,51
4910,55
4911,51
4912,56
4913,48
4914,51
4915,53
4916,53
4917,49
4918,51
4919,45
4920,58
4921,58
4922,54
4923,46
4924,51
4925,53
4926,52
4927,47
4928,54
4929,50
4930,45
4931,53
4932,56
4933,53
4934,50
4935,54
4936,52
4937,52
4938,52
4939,50
4940,52
4941,54
4942,51
4943,43
4944,54
4945,53
4946,45
4947,53
4948,59
4949,57
4950,51
4951,45
4952,50
4953,53
4954,54
4955,49
4956,60
4957,50
4958,52
4959,54
4960,56
4961,52
4962,59
4963,59
4964,52
4965,45
4966,50
4967,58
4968,51
4969,54
4970,53
4971,51
4972,54
4973,51
4974,50
4975,53
4976,49
4977,54
4978,41
4979,55
4980,51
4981,50
4982,53
4983,60
4984,51
4985,55
4986,53
4987,49
4988,52
4989,43
4990,57
4991,49
4992,43
4993,44
4994,50
4995,55
4996,60
4997,50
4998,45
4999,49
5000,53
5001,56
5002,52
5003,45
5004,57
5005,53
5006,47
5007,53
5008,54
5009,56
5010,50
5011,54
5012,53
5013,51
5014,51
5015,55
5016,56
5017,57
5018,58
5019,56
5020,58
5021,55
5022,56
5023,59
5024,52
5025,47
5026,53
5027,54
5028,51
5029,48
5030,53
5031,58
5032,51
5033,53
5034,51
5035,59
5036,50
5037,49
5038,51
5039,55
5040,57
5041,55
5042,53
5043,55
5044,50
5045,57
5046,53
5047,43
5048,58
5049,53
5050,53
5051,47
5052,49
5053,56
5054,52
5055,55
5056,54
5057,54
5058,48
5059,51
5060,53
5061,57
5062,53
5063,54
5064,59
5065,54
5066,54
5067,54
5068,51
5069,47
5070,52
5071,52
5072,58
5073,58
5074,54
5075,57
5076,54
5077,48
5078,50
5079,51
5080,51
5081,51
5082,57
5083,60
5084,48
5085,58
5086,44
5087,53
5088,57
5089,52
5090,55
5091,50
5092,53
5093,48
5094,56
5095,59
5096,49
5097,46
5098,56
5099,54
5100,46
5101,52
5102,54
5103,58
5104,58
5105,56
5106,44
5107,51
5108,54
5109,57
5110,52
5111,40
5112,51
5113,51
5114,60
5115,53
5116,51
5117,50
5118,53
5119,53
5120,56
5121,47
5122,56
5123,52
5124,54
5125,58
5126,53
5127,55
5128,52
5129,47
5130,54
5131,54
5132,45
5133,54
5134,57
5135,60
5136,53
5137,60
5138,52
5139,48
5140,53
5141,48
5142,61
5143,55
5144,55
5145,52
5146,48
5147,51
5148,54
5149,51
5150,53
5151,50
5152,58
5153,47
5154,55
5155,53
5156,53
5157,55
5158,42
5159,50
5160,53
5161,60
5162,50
5163,48
5164,48
5165,46
5166,51
5167,50
5168,54
5169,48
5170,48
5171,54
5172,52
5173,58
5174,49
5175,50
5176,47
5177,53
5178,48
5179,54
5180,48
5181,55
5182,54
5183,50
5184,48
5185,55
5186,51
5187,53
5188,61
5189,53
5190,47
5191,52
5192,52
5193,58
5194,48
5195,54
5196,56
5197,56
5198,54
5199,48
5200,57
5201,54
5202,53
5203,54
5204,53
5205,44
5206,48
5207,54
5208,49
5209,50
5210,58
5211,58
5212,45
5213,60
5214,51
5215,56
5216,54
5217,50
5218,59
5219,54
5220,60
5221,60
5222,50
5223,51
5224,53
5225,51
5226,60
5227,49
5228,54
5229,54
5230,48
5231,47
5232,54
5233,51
5234,49
5235,54
5236,54
5237,50
5238,54
5239,47
5240,54
5241,47
5242,52
5243,50
5244,53
5245,48
5246,47
5247,54
5248,53
5249,55
5250,56
5251,46
5252,60
5253,57
5254,52
5255,53
5256,53
5257,50
5258,47
5259,53
5260,50
5261,54
5262,51
5263,56
5264,55
5265,51
5266,59
5267,51
5268,51
5269,53
5270,52
5271,49
5272,54
5273,62
5274,52
5275,56
5276,55
5277,48
5278,47
5279,54
5280,53
5281,54
5282,49
5283,55
5284,48
5285,55
5286,59
5287,58
5288,50
5289,45
5290,55
5291,56
5292,52
5293,49
5294,58
5295,53
5296,49
5297,47
5298,61
5299,60
5300,58
5301,55
5302,45
5303,57
5304,50
5305,53
5306,54
5307,56
5308,53
5309,50
5310,52
5311,49
5312,57
5313,58
5314,57
5315,45
5316,54
5317,51
5318,46
5319,60
5320,48
5321,48
5322,54
5323,53
5324,47
5325,48
5326,53
5327,50
5328,50
5329,49
5330,48
5331,57
5332,44
5333,52
5334,51
5335,46
5336,56
5337,60
5338,60
5339,60
5340,57
5341,56
5342,43
5343,58
5344,46
5345,52
5346,53
5347,60
5348,53
5349,57
5350,54
5351,52
5352,54
5353,48
5354,50
5355,58
5356,56
5357,56
5358,51
5359,54
5360,56
5361,51
5362,52
5363,51
5364,52
5365,49
5366,48
5367,54
5368,53
5369,53
5370,55
5371,52
5372,54
5373,62
5374,47
5375,47
5376,56
5377,58
5378,54
5379,53
5380,56
5381,55
5382,58
5383,53
5384,57
5385,54
5386,55
5387,52
5388,57
5389,49
5390,54
5391,45
5392,54
5393,49
5394,53
5395,57
5396,49
5397,52
5398,58
5399,56
5400,57
5401,49
5402,53
5403,52
5404,52
5405,53
5406,53
5407,48
5408,53
5409,54
5410,59
5411,56
5412,58
5413,58
5414,53
5415,62
5416,58
5417,44
5418,51
5419,47
5420,53
5421,43
5422,60
5423,50
5424,52
5425,50
5426,58
5427,54
5428,43
5429,53
5430,41
5431,48
5432,39
5433,48
5434,55
5435,47
5436,52
5437,50
5438,54
5439,54
5440,50
5441,43
5442,56
5443,51
5444,54
5445,42
5446,55
5447,53
5448,48
5449,49
5450,50
5451,49
5452,53
5453,49
5454,57
5455,53
5456,50
5457,52
5458,53
5459,53
5460,48
5461,53
5462,53
5463,54
5464,41
5465,56
5466,54
5467,47
5468,51
5469,49
5470,54
5471,53
5472,49
5473,50
5474,53
5475,48
5476,52
5477,52
5478,58
5479,58
5480,55
5481,48
5482,54
5483,53
5484,52
5485,50
5486,53
5487,51
5488,49
5489,45
5490,53
5491,53
5492,53
5493,50
5494,44
5495,51
5496,52
5497,60
5498,49
5499,62
5500,51
5501,46
5502,43
5503,55
5504,51
5505,55
5506,51
5507,53
5508,55
5509,54
5510,51
5511,58
5512,50
5513,41
5514,54
5515,50
5516,57
5517,47
5518,56
5519,53
5520,54
5521,54
5522,48
5523,52
5524,54
5525,57
5526,48
5527,60
5528,48
5529,53
5530,58
5531,50
5532,48
5533,49
5534,53
5535,54
5536,56
5537,54
5538,55
5539,48
5540,52
5541,46
5542,50
5543,48
5544,52
5545,50
5546,54
5547,56
5548,55
5549,49
5550,58
5551,57
5552,50
5553,58
5554,56
5555,55
5556,53
5557,58
5558,53
5559,59
5560,55
5561,42
5562,52
5563,52
5564,55
5565,55
5566,59
5567,53
5568,49
5569,56
5570,54
5571,52
5572,50
5573,54
5574,53
5575,51
5576,50
5577,49
5578,40
5579,50
5580,52
5581,49
5582,44
5583,48
5584,50
5585,57
5586,49
5587,54
5588,56
5589,54
5590,55
5591,47
5592,51
5593,48
5594,52
5595,53
5596,51
5597,51
5598,52
5599,48
5600,48
5601,44
5602,54
5603,53
5604,52
5605,54
5606,55
5607,54
5608,54
5609,55
5610,48
5611,54
5612,48
5613,55
5614,42
5615,51
5616,54
5617,59
5618,46
5619,53
5620,55
5621,53
5622,45
5623,49
5624,49
5625,51
5626,52
5627,49
5628,45
5629,50
5630,52
5631,53
5632,52
5633,51
5634,62
5635,54
5636,57
5637,54
5638,45
5639,47
5640,53
5641,53
5642,54
5643,53
5644,51
5645,57
5646,51
5647,47
5648,53
5649,51
